Workbook

Sheet 1_RFQ_DadosVendas
B1: LINK | C1: PROJECT | D1: COSTING_COMPANY | E1: SALES_GROUP | F1: ACCOUNT_MANAGER | G1: TECH_ENGINEER | H1: CUSTOMER | I1: REGION | J1: SALES | K1: STEP | M1: 2026 | N1: 2027 | O1: 2028 | P1: 2029 | Q1: 2030 | R1: Considerado na análise | S1: Observações
B2: RFQ102030 | C2: Peça A | D2: company | E2: group | F2: Jhon | G2: Mark | H2: CustomerA | I2: countryA | J2: 3906676 | K2: 30 | M2: 200000 | N2: 200000 | O2: 200000 | P2: 200000 | Q2: 200000 | S2: Obs. Vai até 2034
B3: RFQ405060 | C3: Peça B | D3: company | E3: group | F3: Jhon | G3: Mark | H3: CustomerB | I3: countryB | J3: 385140 | K3: 40 | O3: 150000 | P3: 150000 | Q3: 150000 | S3: Obs. Vai até 2034

Sheet IP_WC
D1: Req. machines | E1: Req. machines Strategy + RFQ | K1: Req. machines Strategy | Q1: Actual Oee (%) | R1: Req. capacity (h) Strategy | X1: Planned capacity (h) Strategy | Y1: Total capacity (h) Strategy | Z1: Quantity Strategy
A2: NECESSÁRIO INVESTIR? | B2: Name | C2: Description | D2: Actual machine | E2: 2025 | F2: 2026 | G2: 2027 | H2: 2028 | I2: 2029 | J2: 2030 | K2: 2025 | L2: 2026 | M2: 2027 | N2: 2028 | O2: 2029 | P2: 2030 | Q2: Standard Oee | R2: 2025 | S2: 2026 | T2: 2027 | U2: 2028 | V2: 2029 | W2: 2030 | X2: 2025 | Y2: 2025 | Z2: 2025 | AA2: 2026 | AB2: 2027 | AC2: 2028 | AD2: 2029 | AE2: 2030 | AF2: WC no RFQ | AG2: TESTE 2
B3: Total | D3: 91 | E3: 41.21 | F3: 36.53 | G3: 38.68 | H3: 40.35 | I3: 42.32 | J3: 42.76 | K3: 41.21 | L3: 36.53 | M3: 38.68 | N3: 40.35 | O3: 42.32 | P3: 42.76 | Q3: 70.57 | R3: 143876 | S3: 145235.81 | T3: 157105.09 | U3: 166653.23 | V3: 175697.4 | W3: 179794.39 | X3: 314991.12 | Y3: 388625.4 | Z3: 3.2411012e+08 | AA3: 250540752 | AB3: 264593491 | AC3: 278627700 | AD3: 292647843 | AE3: 308508022 | AG3: {=IF(AND(ISERR(FIND("sim",INDEX('existencia de wc'!K$2:K$193,MATCH(IP_WC!C3,'existencia de wc'!B$2:B$192,0))))=FALSE,SUMPRODUCT(('2_LN_DadosExportados'!V$2:V$314=IP_WC!C3)*('2_LN_DadosExportados'!A$2:A$314="X"))>0), "MOSTRAR","")}
A4: =IF(OR(E4>=D4,F4>=D4,G4>=D4,H4>=D4,I4>=D4,J4>=D4),"INVEST","OK") -> OK | B4: HOR-0150 | C4: WC - Fer Tor ROMI Multiplic30D | D4: 1 | E4: =IFERROR(((SUMIFS('2_LN_DadosExportados'!AM:AM,'2_LN_DadosExportados'!$V:$V,$C4,'2_LN_DadosExportados'!$A:$A,"X")+R4)/$X4)*$D4,"") -> 0 | F4: =IFERROR(((SUMIFS('2_LN_DadosExportados'!AN:AN,'2_LN_DadosExportados'!$V:$V,$C4,'2_LN_DadosExportados'!$A:$A,"X")+S4)/$X4)*$D4,"") -> 0 | G4: =IFERROR(((SUMIFS('2_LN_DadosExportados'!AO:AO,'2_LN_DadosExportados'!$V:$V,$C4,'2_LN_DadosExportados'!$A:$A,"X")+T4)/$X4)*$D4,"") -> 0 | H4: =IFERROR(((SUMIFS('2_LN_DadosExportados'!AP:AP,'2_LN_DadosExportados'!$V:$V,$C4,'2_LN_DadosExportados'!$A:$A,"X")+U4)/$X4)*$D4,"") -> 0 | I4: =IFERROR(((SUMIFS('2_LN_DadosExportados'!AQ:AQ,'2_LN_DadosExportados'!$V:$V,$C4,'2_LN_DadosExportados'!$A:$A,"X")+V4)/$X4)*$D4,"") -> 0 | J4: =IFERROR(((SUMIFS('2_LN_DadosExportados'!AR:AR,'2_LN_DadosExportados'!$V:$V,$C4,'2_LN_DadosExportados'!$A:$A,"X")+W4)/$X4)*$D4,"") -> 0 | K4: =IFERROR(R4/$X4*$D4,"") -> 0 | L4: =IFERROR(S4/$X4*$D4,"") -> 0 | M4: =IFERROR(T4/$X4*$D4,"") -> 0 | N4: =IFERROR(U4/$X4*$D4,"") -> 0 | O4: =IFERROR(V4/$X4*$D4,"") -> 0 | P4: =IFERROR(W4/$X4*$D4,"") -> 0 | Q4: 90 | R4: 0 | S4: 0 | T4: 0 | U4: 0 | V4: 0 | W4: 0 | X4: =Y4*(Q4/100) -> 5443.2 | Y4: =24*5.25*48*D4 -> 6048 | Z4: 0 | AA4: 0 | AB4: 0 | AC4: 0 | AD4: 0 | AE4: 0 | AF4: =IFERROR(VLOOKUP(C4,'2_LN_DadosExportados'!V:V,1,FALSE),"") | AG4: {=IF(AND(ISERR(FIND("sim",INDEX('existencia de wc'!K$2:K$193,MATCH(IP_WC!C4,'existencia de wc'!B$2:B$192,0))))=FALSE,SUMPRODUCT(('2_LN_DadosExportados'!V$2:V$314=IP_WC!C4)*('2_LN_DadosExportados'!A$2:A$314="X"))>0), "MOSTRAR","")}
A5: =IF(OR(E5>=D5,F5>=D5,G5>=D5,H5>=D5,I5>=D5,J5>=D5),"INVEST","OK") -> OK | B5: HOR-0160 | C5: WC - Fer Torno Mazak Integrex | D5: 1 | E5: =IFERROR(((SUMIFS('2_LN_DadosExportados'!AM:AM,'2_LN_DadosExportados'!$V:$V,$C5,'2_LN_DadosExportados'!$A:$A,"X")+R5)/$X5)*$D5,"") -> 0 | F5: =IFERROR(((SUMIFS('2_LN_DadosExportados'!AN:AN,'2_LN_DadosExportados'!$V:$V,$C5,'2_LN_DadosExportados'!$A:$A,"X")+S5)/$X5)*$D5,"") -> 0 | G5: =IFERROR(((SUMIFS('2_LN_DadosExportados'!AO:AO,'2_LN_DadosExportados'!$V:$V,$C5,'2_LN_DadosExportados'!$A:$A,"X")+T5)/$X5)*$D5,"") -> 0 | H5: =IFERROR(((SUMIFS('2_LN_DadosExportados'!AP:AP,'2_LN_DadosExportados'!$V:$V,$C5,'2_LN_DadosExportados'!$A:$A,"X")+U5)/$X5)*$D5,"") -> 0 | I5: =IFERROR(((SUMIFS('2_LN_DadosExportados'!AQ:AQ,'2_LN_DadosExportados'!$V:$V,$C5,'2_LN_DadosExportados'!$A:$A,"X")+V5)/$X5)*$D5,"") -> 0 | J5: =IFERROR(((SUMIFS('2_LN_DadosExportados'!AR:AR,'2_LN_DadosExportados'!$V:$V,$C5,'2_LN_DadosExportados'!$A:$A,"X")+W5)/$X5)*$D5,"") -> 0 | K5: =IFERROR(R5/$X5*$D5,"") -> 0 | L5: =IFERROR(S5/$X5*$D5,"") -> 0 | M5: =IFERROR(T5/$X5*$D5,"") -> 0 | N5: =IFERROR(U5/$X5*$D5,"") -> 0 | O5: =IFERROR(V5/$X5*$D5,"") -> 0 | P5: =IFERROR(W5/$X5*$D5,"") -> 0 | Q5: 90 | R5: 0 | S5: 0 | T5: 0 | U5: 0 | V5: 0 | W5: 0 | X5: =Y5*(Q5/100) -> 5443.2 | Y5: =24*5.25*48*D5 -> 6048 | Z5: 0 | AA5: 0 | AB5: 0 | AC5: 0 | AD5: 0 | AE5: 0 | AF5: =IFERROR(VLOOKUP(C5,'2_LN_DadosExportados'!V:V,1,FALSE),"") | AG5: {=IF(AND(ISERR(FIND("sim",INDEX('existencia de wc'!K$2:K$193,MATCH(IP_WC!C5,'existencia de wc'!B$2:B$192,0))))=FALSE,SUMPRODUCT(('2_LN_DadosExportados'!V$2:V$314=IP_WC!C5)*('2_LN_DadosExportados'!A$2:A$314="X"))>0), "MOSTRAR","")}
A6: =IF(OR(E6>=D6,F6>=D6,G6>=D6,H6>=D6,I6>=D6,J6>=D6),"INVEST","OK") -> OK | B6: HOR-0201 | C6: WC - Fer Fresadora | D6: 1 | E6: =IFERROR(((SUMIFS('2_LN_DadosExportados'!AM:AM,'2_LN_DadosExportados'!$V:$V,$C6,'2_LN_DadosExportados'!$A:$A,"X")+R6)/$X6)*$D6,"") -> 0 | F6: =IFERROR(((SUMIFS('2_LN_DadosExportados'!AN:AN,'2_LN_DadosExportados'!$V:$V,$C6,'2_LN_DadosExportados'!$A:$A,"X")+S6)/$X6)*$D6,"") -> 0 | G6: =IFERROR(((SUMIFS('2_LN_DadosExportados'!AO:AO,'2_LN_DadosExportados'!$V:$V,$C6,'2_LN_DadosExportados'!$A:$A,"X")+T6)/$X6)*$D6,"") -> 0 | H6: =IFERROR(((SUMIFS('2_LN_DadosExportados'!AP:AP,'2_LN_DadosExportados'!$V:$V,$C6,'2_LN_DadosExportados'!$A:$A,"X")+U6)/$X6)*$D6,"") -> 0 | I6: =IFERROR(((SUMIFS('2_LN_DadosExportados'!AQ:AQ,'2_LN_DadosExportados'!$V:$V,$C6,'2_LN_DadosExportados'!$A:$A,"X")+V6)/$X6)*$D6,"") -> 0 | J6: =IFERROR(((SUMIFS('2_LN_DadosExportados'!AR:AR,'2_LN_DadosExportados'!$V:$V,$C6,'2_LN_DadosExportados'!$A:$A,"X")+W6)/$X6)*$D6,"") -> 0 | K6: =IFERROR(R6/$X6*$D6,"") -> 0 | L6: =IFERROR(S6/$X6*$D6,"") -> 0 | M6: =IFERROR(T6/$X6*$D6,"") -> 0 | N6: =IFERROR(U6/$X6*$D6,"") -> 0 | O6: =IFERROR(V6/$X6*$D6,"") -> 0 | P6: =IFERROR(W6/$X6*$D6,"") -> 0 | Q6: 90 | R6: 0 | S6: 0 | T6: 0 | U6: 0 | V6: 0 | W6: 0 | X6: =Y6*(Q6/100) -> 5443.2 | Y6: =24*5.25*48*D6 -> 6048 | Z6: 0 | AA6: 0 | AB6: 0 | AC6: 0 | AD6: 0 | AE6: 0 | AF6: =IFERROR(VLOOKUP(C6,'2_LN_DadosExportados'!V:V,1,FALSE),"") | AG6: {=IF(AND(ISERR(FIND("sim",INDEX('existencia de wc'!K$2:K$193,MATCH(IP_WC!C6,'existencia de wc'!B$2:B$192,0))))=FALSE,SUMPRODUCT(('2_LN_DadosExportados'!V$2:V$314=IP_WC!C6)*('2_LN_DadosExportados'!A$2:A$314="X"))>0), "MOSTRAR","")}
A7: =IF(OR(E7>=D7,F7>=D7,G7>=D7,H7>=D7,I7>=D7,J7>=D7),"INVEST","OK") -> OK | B7: HOR-0300 | C7: WC - Fer Eletro Fio Challenge | D7: 1 | E7: =IFERROR(((SUMIFS('2_LN_DadosExportados'!AM:AM,'2_LN_DadosExportados'!$V:$V,$C7,'2_LN_DadosExportados'!$A:$A,"X")+R7)/$X7)*$D7,"") -> 0 | F7: =IFERROR(((SUMIFS('2_LN_DadosExportados'!AN:AN,'2_LN_DadosExportados'!$V:$V,$C7,'2_LN_DadosExportados'!$A:$A,"X")+S7)/$X7)*$D7,"") -> 0 | G7: =IFERROR(((SUMIFS('2_LN_DadosExportados'!AO:AO,'2_LN_DadosExportados'!$V:$V,$C7,'2_LN_DadosExportados'!$A:$A,"X")+T7)/$X7)*$D7,"") -> 0 | H7: =IFERROR(((SUMIFS('2_LN_DadosExportados'!AP:AP,'2_LN_DadosExportados'!$V:$V,$C7,'2_LN_DadosExportados'!$A:$A,"X")+U7)/$X7)*$D7,"") -> 0 | I7: =IFERROR(((SUMIFS('2_LN_DadosExportados'!AQ:AQ,'2_LN_DadosExportados'!$V:$V,$C7,'2_LN_DadosExportados'!$A:$A,"X")+V7)/$X7)*$D7,"") -> 0 | J7: =IFERROR(((SUMIFS('2_LN_DadosExportados'!AR:AR,'2_LN_DadosExportados'!$V:$V,$C7,'2_LN_DadosExportados'!$A:$A,"X")+W7)/$X7)*$D7,"") -> 0 | K7: =IFERROR(R7/$X7*$D7,"") -> 0 | L7: =IFERROR(S7/$X7*$D7,"") -> 0 | M7: =IFERROR(T7/$X7*$D7,"") -> 0 | N7: =IFERROR(U7/$X7*$D7,"") -> 0 | O7: =IFERROR(V7/$X7*$D7,"") -> 0 | P7: =IFERROR(W7/$X7*$D7,"") -> 0 | Q7: 90 | R7: 0 | S7: 0 | T7: 0 | U7: 0 | V7: 0 | W7: 0 | X7: =Y7*(Q7/100) -> 5443.2 | Y7: =24*5.25*48*D7 -> 6048 | Z7: 0 | AA7: 0 | AB7: 0 | AC7: 0 | AD7: 0 | AE7: 0 | AF7: =IFERROR(VLOOKUP(C7,'2_LN_DadosExportados'!V:V,1,FALSE),"") | AG7: {=IF(AND(ISERR(FIND("sim",INDEX('existencia de wc'!K$2:K$193,MATCH(IP_WC!C7,'existencia de wc'!B$2:B$192,0))))=FALSE,SUMPRODUCT(('2_LN_DadosExportados'!V$2:V$314=IP_WC!C7)*('2_LN_DadosExportados'!A$2:A$314="X"))>0), "MOSTRAR","")}
A8: =IF(OR(E8>=D8,F8>=D8,G8>=D8,H8>=D8,I8>=D8,J8>=D8),"INVEST","OK") -> OK | B8: HOR-0310 | C8: WC - Fer Eletro Furo Rápido | D8: 1 | E8: =IFERROR(((SUMIFS('2_LN_DadosExportados'!AM:AM,'2_LN_DadosExportados'!$V:$V,$C8,'2_LN_DadosExportados'!$A:$A,"X")+R8)/$X8)*$D8,"") -> 0 | F8: =IFERROR(((SUMIFS('2_LN_DadosExportados'!AN:AN,'2_LN_DadosExportados'!$V:$V,$C8,'2_LN_DadosExportados'!$A:$A,"X")+S8)/$X8)*$D8,"") -> 0 | G8: =IFERROR(((SUMIFS('2_LN_DadosExportados'!AO:AO,'2_LN_DadosExportados'!$V:$V,$C8,'2_LN_DadosExportados'!$A:$A,"X")+T8)/$X8)*$D8,"") -> 0 | H8: =IFERROR(((SUMIFS('2_LN_DadosExportados'!AP:AP,'2_LN_DadosExportados'!$V:$V,$C8,'2_LN_DadosExportados'!$A:$A,"X")+U8)/$X8)*$D8,"") -> 0 | I8: =IFERROR(((SUMIFS('2_LN_DadosExportados'!AQ:AQ,'2_LN_DadosExportados'!$V:$V,$C8,'2_LN_DadosExportados'!$A:$A,"X")+V8)/$X8)*$D8,"") -> 0 | J8: =IFERROR(((SUMIFS('2_LN_DadosExportados'!AR:AR,'2_LN_DadosExportados'!$V:$V,$C8,'2_LN_DadosExportados'!$A:$A,"X")+W8)/$X8)*$D8,"") -> 0 | K8: =IFERROR(R8/$X8*$D8,"") -> 0 | L8: =IFERROR(S8/$X8*$D8,"") -> 0 | M8: =IFERROR(T8/$X8*$D8,"") -> 0 | N8: =IFERROR(U8/$X8*$D8,"") -> 0 | O8: =IFERROR(V8/$X8*$D8,"") -> 0 | P8: =IFERROR(W8/$X8*$D8,"") -> 0 | Q8: 90 | R8: 0 | S8: 0 | T8: 0 | U8: 0 | V8: 0 | W8: 0 | X8: =Y8*(Q8/100) -> 5443.2 | Y8: =24*5.25*48*D8 -> 6048 | Z8: 0 | AA8: 0 | AB8: 0 | AC8: 0 | AD8: 0 | AE8: 0 | AF8: =IFERROR(VLOOKUP(C8,'2_LN_DadosExportados'!V:V,1,FALSE),"") | AG8: {=IF(AND(ISERR(FIND("sim",INDEX('existencia de wc'!K$2:K$193,MATCH(IP_WC!C8,'existencia de wc'!B$2:B$192,0))))=FALSE,SUMPRODUCT(('2_LN_DadosExportados'!V$2:V$314=IP_WC!C8)*('2_LN_DadosExportados'!A$2:A$314="X"))>0), "MOSTRAR","")}
A9: =IF(OR(E9>=D9,F9>=D9,G9>=D9,H9>=D9,I9>=D9,J9>=D9),"INVEST","OK") -> OK | B9: HOR-0311 | C9: WC - Fer Penet Form P600 | D9: 1 | E9: =IFERROR(((SUMIFS('2_LN_DadosExportados'!AM:AM,'2_LN_DadosExportados'!$V:$V,$C9,'2_LN_DadosExportados'!$A:$A,"X")+R9)/$X9)*$D9,"") -> 0 | F9: =IFERROR(((SUMIFS('2_LN_DadosExportados'!AN:AN,'2_LN_DadosExportados'!$V:$V,$C9,'2_LN_DadosExportados'!$A:$A,"X")+S9)/$X9)*$D9,"") -> 0 | G9: =IFERROR(((SUMIFS('2_LN_DadosExportados'!AO:AO,'2_LN_DadosExportados'!$V:$V,$C9,'2_LN_DadosExportados'!$A:$A,"X")+T9)/$X9)*$D9,"") -> 0 | H9: =IFERROR(((SUMIFS('2_LN_DadosExportados'!AP:AP,'2_LN_DadosExportados'!$V:$V,$C9,'2_LN_DadosExportados'!$A:$A,"X")+U9)/$X9)*$D9,"") -> 0 | I9: =IFERROR(((SUMIFS('2_LN_DadosExportados'!AQ:AQ,'2_LN_DadosExportados'!$V:$V,$C9,'2_LN_DadosExportados'!$A:$A,"X")+V9)/$X9)*$D9,"") -> 0 | J9: =IFERROR(((SUMIFS('2_LN_DadosExportados'!AR:AR,'2_LN_DadosExportados'!$V:$V,$C9,'2_LN_DadosExportados'!$A:$A,"X")+W9)/$X9)*$D9,"") -> 0 | K9: =IFERROR(R9/$X9*$D9,"") -> 0 | L9: =IFERROR(S9/$X9*$D9,"") -> 0 | M9: =IFERROR(T9/$X9*$D9,"") -> 0 | N9: =IFERROR(U9/$X9*$D9,"") -> 0 | O9: =IFERROR(V9/$X9*$D9,"") -> 0 | P9: =IFERROR(W9/$X9*$D9,"") -> 0 | Q9: 90 | R9: 0 | S9: 0 | T9: 0 | U9: 0 | V9: 0 | W9: 0 | X9: =Y9*(Q9/100) -> 5443.2 | Y9: =24*5.25*48*D9 -> 6048 | Z9: 0 | AA9: 0 | AB9: 0 | AC9: 0 | AD9: 0 | AE9: 0 | AF9: =IFERROR(VLOOKUP(C9,'2_LN_DadosExportados'!V:V,1,FALSE),"") | AG9: {=IF(AND(ISERR(FIND("sim",INDEX('existencia de wc'!K$2:K$193,MATCH(IP_WC!C9,'existencia de wc'!B$2:B$192,0))))=FALSE,SUMPRODUCT(('2_LN_DadosExportados'!V$2:V$314=IP_WC!C9)*('2_LN_DadosExportados'!A$2:A$314="X"))>0), "MOSTRAR","")}
A10: =IF(OR(E10>=D10,F10>=D10,G10>=D10,H10>=D10,I10>=D10,J10>=D10),"INVEST","OK") -> OK | B10: HOR-0313 | C10: WC - Fer Penetração Hiper Sp | D10: 1 | E10: =IFERROR(((SUMIFS('2_LN_DadosExportados'!AM:AM,'2_LN_DadosExportados'!$V:$V,$C10,'2_LN_DadosExportados'!$A:$A,"X")+R10)/$X10)*$D10,"") -> 0 | F10: =IFERROR(((SUMIFS('2_LN_DadosExportados'!AN:AN,'2_LN_DadosExportados'!$V:$V,$C10,'2_LN_DadosExportados'!$A:$A,"X")+S10)/$X10)*$D10,"") -> 0 | G10: =IFERROR(((SUMIFS('2_LN_DadosExportados'!AO:AO,'2_LN_DadosExportados'!$V:$V,$C10,'2_LN_DadosExportados'!$A:$A,"X")+T10)/$X10)*$D10,"") -> 0 | H10: =IFERROR(((SUMIFS('2_LN_DadosExportados'!AP:AP,'2_LN_DadosExportados'!$V:$V,$C10,'2_LN_DadosExportados'!$A:$A,"X")+U10)/$X10)*$D10,"") -> 0 | I10: =IFERROR(((SUMIFS('2_LN_DadosExportados'!AQ:AQ,'2_LN_DadosExportados'!$V:$V,$C10,'2_LN_DadosExportados'!$A:$A,"X")+V10)/$X10)*$D10,"") -> 0 | J10: =IFERROR(((SUMIFS('2_LN_DadosExportados'!AR:AR,'2_LN_DadosExportados'!$V:$V,$C10,'2_LN_DadosExportados'!$A:$A,"X")+W10)/$X10)*$D10,"") -> 0 | K10: =IFERROR(R10/$X10*$D10,"") -> 0 | L10: =IFERROR(S10/$X10*$D10,"") -> 0 | M10: =IFERROR(T10/$X10*$D10,"") -> 0 | N10: =IFERROR(U10/$X10*$D10,"") -> 0 | O10: =IFERROR(V10/$X10*$D10,"") -> 0 | P10: =IFERROR(W10/$X10*$D10,"") -> 0 | Q10: 90 | R10: 0 | S10: 0 | T10: 0 | U10: 0 | V10: 0 | W10: 0 | X10: =Y10*(Q10/100) -> 5443.2 | Y10: =24*5.25*48*D10 -> 6048 | Z10: 0 | AA10: 0 | AB10: 0 | AC10: 0 | AD10: 0 | AE10: 0 | AF10: =IFERROR(VLOOKUP(C10,'2_LN_DadosExportados'!V:V,1,FALSE),"") | AG10: {=IF(AND(ISERR(FIND("sim",INDEX('existencia de wc'!K$2:K$193,MATCH(IP_WC!C10,'existencia de wc'!B$2:B$192,0))))=FALSE,SUMPRODUCT(('2_LN_DadosExportados'!V$2:V$314=IP_WC!C10)*('2_LN_DadosExportados'!A$2:A$314="X"))>0), "MOSTRAR","")}
A11: =IF(OR(E11>=D11,F11>=D11,G11>=D11,H11>=D11,I11>=D11,J11>=D11),"INVEST","OK") -> OK | B11: HOR-0314 | C11: WC - Fer Penetração Form 20 | D11: 1 | E11: =IFERROR(((SUMIFS('2_LN_DadosExportados'!AM:AM,'2_LN_DadosExportados'!$V:$V,$C11,'2_LN_DadosExportados'!$A:$A,"X")+R11)/$X11)*$D11,"") -> 0 | F11: =IFERROR(((SUMIFS('2_LN_DadosExportados'!AN:AN,'2_LN_DadosExportados'!$V:$V,$C11,'2_LN_DadosExportados'!$A:$A,"X")+S11)/$X11)*$D11,"") -> 0 | G11: =IFERROR(((SUMIFS('2_LN_DadosExportados'!AO:AO,'2_LN_DadosExportados'!$V:$V,$C11,'2_LN_DadosExportados'!$A:$A,"X")+T11)/$X11)*$D11,"") -> 0 | H11: =IFERROR(((SUMIFS('2_LN_DadosExportados'!AP:AP,'2_LN_DadosExportados'!$V:$V,$C11,'2_LN_DadosExportados'!$A:$A,"X")+U11)/$X11)*$D11,"") -> 0 | I11: =IFERROR(((SUMIFS('2_LN_DadosExportados'!AQ:AQ,'2_LN_DadosExportados'!$V:$V,$C11,'2_LN_DadosExportados'!$A:$A,"X")+V11)/$X11)*$D11,"") -> 0 | J11: =IFERROR(((SUMIFS('2_LN_DadosExportados'!AR:AR,'2_LN_DadosExportados'!$V:$V,$C11,'2_LN_DadosExportados'!$A:$A,"X")+W11)/$X11)*$D11,"") -> 0 | K11: =IFERROR(R11/$X11*$D11,"") -> 0 | L11: =IFERROR(S11/$X11*$D11,"") -> 0 | M11: =IFERROR(T11/$X11*$D11,"") -> 0 | N11: =IFERROR(U11/$X11*$D11,"") -> 0 | O11: =IFERROR(V11/$X11*$D11,"") -> 0 | P11: =IFERROR(W11/$X11*$D11,"") -> 0 | Q11: 90 | R11: 0 | S11: 0 | T11: 0 | U11: 0 | V11: 0 | W11: 0 | X11: =Y11*(Q11/100) -> 5443.2 | Y11: =24*5.25*48*D11 -> 6048 | Z11: 0 | AA11: 0 | AB11: 0 | AC11: 0 | AD11: 0 | AE11: 0 | AF11: =IFERROR(VLOOKUP(C11,'2_LN_DadosExportados'!V:V,1,FALSE),"") | AG11: {=IF(AND(ISERR(FIND("sim",INDEX('existencia de wc'!K$2:K$193,MATCH(IP_WC!C11,'existencia de wc'!B$2:B$192,0))))=FALSE,SUMPRODUCT(('2_LN_DadosExportados'!V$2:V$314=IP_WC!C11)*('2_LN_DadosExportados'!A$2:A$314="X"))>0), "MOSTRAR","")}
A12: =IF(OR(E12>=D12,F12>=D12,G12>=D12,H12>=D12,I12>=D12,J12>=D12),"INVEST","OK") -> OK | B12: HOR-0315 | C12: WC - Fer Fio Progress | D12: 1 | E12: =IFERROR(((SUMIFS('2_LN_DadosExportados'!AM:AM,'2_LN_DadosExportados'!$V:$V,$C12,'2_LN_DadosExportados'!$A:$A,"X")+R12)/$X12)*$D12,"") -> 0 | F12: =IFERROR(((SUMIFS('2_LN_DadosExportados'!AN:AN,'2_LN_DadosExportados'!$V:$V,$C12,'2_LN_DadosExportados'!$A:$A,"X")+S12)/$X12)*$D12,"") -> 0 | G12: =IFERROR(((SUMIFS('2_LN_DadosExportados'!AO:AO,'2_LN_DadosExportados'!$V:$V,$C12,'2_LN_DadosExportados'!$A:$A,"X")+T12)/$X12)*$D12,"") -> 0 | H12: =IFERROR(((SUMIFS('2_LN_DadosExportados'!AP:AP,'2_LN_DadosExportados'!$V:$V,$C12,'2_LN_DadosExportados'!$A:$A,"X")+U12)/$X12)*$D12,"") -> 0 | I12: =IFERROR(((SUMIFS('2_LN_DadosExportados'!AQ:AQ,'2_LN_DadosExportados'!$V:$V,$C12,'2_LN_DadosExportados'!$A:$A,"X")+V12)/$X12)*$D12,"") -> 0 | J12: =IFERROR(((SUMIFS('2_LN_DadosExportados'!AR:AR,'2_LN_DadosExportados'!$V:$V,$C12,'2_LN_DadosExportados'!$A:$A,"X")+W12)/$X12)*$D12,"") -> 0 | K12: =IFERROR(R12/$X12*$D12,"") -> 0 | L12: =IFERROR(S12/$X12*$D12,"") -> 0 | M12: =IFERROR(T12/$X12*$D12,"") -> 0 | N12: =IFERROR(U12/$X12*$D12,"") -> 0 | O12: =IFERROR(V12/$X12*$D12,"") -> 0 | P12: =IFERROR(W12/$X12*$D12,"") -> 0 | Q12: 90 | R12: 0 | S12: 0 | T12: 0 | U12: 0 | V12: 0 | W12: 0 | X12: =Y12*(Q12/100) -> 5443.2 | Y12: =24*5.25*48*D12 -> 6048 | Z12: 0 | AA12: 0 | AB12: 0 | AC12: 0 | AD12: 0 | AE12: 0 | AF12: =IFERROR(VLOOKUP(C12,'2_LN_DadosExportados'!V:V,1,FALSE),"") | AG12: {=IF(AND(ISERR(FIND("sim",INDEX('existencia de wc'!K$2:K$193,MATCH(IP_WC!C12,'existencia de wc'!B$2:B$192,0))))=FALSE,SUMPRODUCT(('2_LN_DadosExportados'!V$2:V$314=IP_WC!C12)*('2_LN_DadosExportados'!A$2:A$314="X"))>0), "MOSTRAR","")}
A13: =IF(OR(E13>=D13,F13>=D13,G13>=D13,H13>=D13,I13>=D13,J13>=D13),"INVEST","OK") -> OK | B13: HOR-0350 | C13: WC - Fer Bancada/Polimento | D13: 2 | E13: =IFERROR(((SUMIFS('2_LN_DadosExportados'!AM:AM,'2_LN_DadosExportados'!$V:$V,$C13,'2_LN_DadosExportados'!$A:$A,"X")+R13)/$X13)*$D13,"") -> 0 | F13: =IFERROR(((SUMIFS('2_LN_DadosExportados'!AN:AN,'2_LN_DadosExportados'!$V:$V,$C13,'2_LN_DadosExportados'!$A:$A,"X")+S13)/$X13)*$D13,"") -> 0 | G13: =IFERROR(((SUMIFS('2_LN_DadosExportados'!AO:AO,'2_LN_DadosExportados'!$V:$V,$C13,'2_LN_DadosExportados'!$A:$A,"X")+T13)/$X13)*$D13,"") -> 0 | H13: =IFERROR(((SUMIFS('2_LN_DadosExportados'!AP:AP,'2_LN_DadosExportados'!$V:$V,$C13,'2_LN_DadosExportados'!$A:$A,"X")+U13)/$X13)*$D13,"") -> 0 | I13: =IFERROR(((SUMIFS('2_LN_DadosExportados'!AQ:AQ,'2_LN_DadosExportados'!$V:$V,$C13,'2_LN_DadosExportados'!$A:$A,"X")+V13)/$X13)*$D13,"") -> 0 | J13: =IFERROR(((SUMIFS('2_LN_DadosExportados'!AR:AR,'2_LN_DadosExportados'!$V:$V,$C13,'2_LN_DadosExportados'!$A:$A,"X")+W13)/$X13)*$D13,"") -> 0 | K13: =IFERROR(R13/$X13*$D13,"") -> 0 | L13: =IFERROR(S13/$X13*$D13,"") -> 0 | M13: =IFERROR(T13/$X13*$D13,"") -> 0 | N13: =IFERROR(U13/$X13*$D13,"") -> 0 | O13: =IFERROR(V13/$X13*$D13,"") -> 0 | P13: =IFERROR(W13/$X13*$D13,"") -> 0 | Q13: 90 | R13: 0 | S13: 0 | T13: 0 | U13: 0 | V13: 0 | W13: 0 | X13: =Y13*(Q13/100) -> 10886.4 | Y13: =24*5.25*48*D13 -> 12096 | Z13: 0 | AA13: 0 | AB13: 0 | AC13: 0 | AD13: 0 | AE13: 0 | AF13: =IFERROR(VLOOKUP(C13,'2_LN_DadosExportados'!V:V,1,FALSE),"") | AG13: {=IF(AND(ISERR(FIND("sim",INDEX('existencia de wc'!K$2:K$193,MATCH(IP_WC!C13,'existencia de wc'!B$2:B$192,0))))=FALSE,SUMPRODUCT(('2_LN_DadosExportados'!V$2:V$314=IP_WC!C13)*('2_LN_DadosExportados'!A$2:A$314="X"))>0), "MOSTRAR","")}
A14: =IF(OR(E14>=D14,F14>=D14,G14>=D14,H14>=D14,I14>=D14,J14>=D14),"INVEST","OK") -> OK | B14: HOR-0380 | C14: WC - Fer Forno Engefor | D14: 2 | E14: =IFERROR(((SUMIFS('2_LN_DadosExportados'!AM:AM,'2_LN_DadosExportados'!$V:$V,$C14,'2_LN_DadosExportados'!$A:$A,"X")+R14)/$X14)*$D14,"") -> 0 | F14: =IFERROR(((SUMIFS('2_LN_DadosExportados'!AN:AN,'2_LN_DadosExportados'!$V:$V,$C14,'2_LN_DadosExportados'!$A:$A,"X")+S14)/$X14)*$D14,"") -> 0 | G14: =IFERROR(((SUMIFS('2_LN_DadosExportados'!AO:AO,'2_LN_DadosExportados'!$V:$V,$C14,'2_LN_DadosExportados'!$A:$A,"X")+T14)/$X14)*$D14,"") -> 0 | H14: =IFERROR(((SUMIFS('2_LN_DadosExportados'!AP:AP,'2_LN_DadosExportados'!$V:$V,$C14,'2_LN_DadosExportados'!$A:$A,"X")+U14)/$X14)*$D14,"") -> 0 | I14: =IFERROR(((SUMIFS('2_LN_DadosExportados'!AQ:AQ,'2_LN_DadosExportados'!$V:$V,$C14,'2_LN_DadosExportados'!$A:$A,"X")+V14)/$X14)*$D14,"") -> 0 | J14: =IFERROR(((SUMIFS('2_LN_DadosExportados'!AR:AR,'2_LN_DadosExportados'!$V:$V,$C14,'2_LN_DadosExportados'!$A:$A,"X")+W14)/$X14)*$D14,"") -> 0 | K14: =IFERROR(R14/$X14*$D14,"") -> 0 | L14: =IFERROR(S14/$X14*$D14,"") -> 0 | M14: =IFERROR(T14/$X14*$D14,"") -> 0 | N14: =IFERROR(U14/$X14*$D14,"") -> 0 | O14: =IFERROR(V14/$X14*$D14,"") -> 0 | P14: =IFERROR(W14/$X14*$D14,"") -> 0 | Q14: 90 | R14: 0 | S14: 0 | T14: 0 | U14: 0 | V14: 0 | W14: 0 | X14: =Y14*(Q14/100) -> 10886.4 | Y14: =24*5.25*48*D14 -> 12096 | Z14: 0 | AA14: 0 | AB14: 0 | AC14: 0 | AD14: 0 | AE14: 0 | AF14: =IFERROR(VLOOKUP(C14,'2_LN_DadosExportados'!V:V,1,FALSE),"") | AG14: {=IF(AND(ISERR(FIND("sim",INDEX('existencia de wc'!K$2:K$193,MATCH(IP_WC!C14,'existencia de wc'!B$2:B$192,0))))=FALSE,SUMPRODUCT(('2_LN_DadosExportados'!V$2:V$314=IP_WC!C14)*('2_LN_DadosExportados'!A$2:A$314="X"))>0), "MOSTRAR","")}
A15: =IF(OR(E15>=D15,F15>=D15,G15>=D15,H15>=D15,I15>=D15,J15>=D15),"INVEST","OK") -> OK | B15: HOR-0600 | C15: WC - Fer Ret Cil J&Ship 1300X | D15: 1 | E15: =IFERROR(((SUMIFS('2_LN_DadosExportados'!AM:AM,'2_LN_DadosExportados'!$V:$V,$C15,'2_LN_DadosExportados'!$A:$A,"X")+R15)/$X15)*$D15,"") -> 0 | F15: =IFERROR(((SUMIFS('2_LN_DadosExportados'!AN:AN,'2_LN_DadosExportados'!$V:$V,$C15,'2_LN_DadosExportados'!$A:$A,"X")+S15)/$X15)*$D15,"") -> 0 | G15: =IFERROR(((SUMIFS('2_LN_DadosExportados'!AO:AO,'2_LN_DadosExportados'!$V:$V,$C15,'2_LN_DadosExportados'!$A:$A,"X")+T15)/$X15)*$D15,"") -> 0 | H15: =IFERROR(((SUMIFS('2_LN_DadosExportados'!AP:AP,'2_LN_DadosExportados'!$V:$V,$C15,'2_LN_DadosExportados'!$A:$A,"X")+U15)/$X15)*$D15,"") -> 0 | I15: =IFERROR(((SUMIFS('2_LN_DadosExportados'!AQ:AQ,'2_LN_DadosExportados'!$V:$V,$C15,'2_LN_DadosExportados'!$A:$A,"X")+V15)/$X15)*$D15,"") -> 0 | J15: =IFERROR(((SUMIFS('2_LN_DadosExportados'!AR:AR,'2_LN_DadosExportados'!$V:$V,$C15,'2_LN_DadosExportados'!$A:$A,"X")+W15)/$X15)*$D15,"") -> 0 | K15: =IFERROR(R15/$X15*$D15,"") -> 0 | L15: =IFERROR(S15/$X15*$D15,"") -> 0 | M15: =IFERROR(T15/$X15*$D15,"") -> 0 | N15: =IFERROR(U15/$X15*$D15,"") -> 0 | O15: =IFERROR(V15/$X15*$D15,"") -> 0 | P15: =IFERROR(W15/$X15*$D15,"") -> 0 | Q15: 90 | R15: 0 | S15: 0 | T15: 0 | U15: 0 | V15: 0 | W15: 0 | X15: =Y15*(Q15/100) -> 5443.2 | Y15: =24*5.25*48*D15 -> 6048 | Z15: 0 | AA15: 0 | AB15: 0 | AC15: 0 | AD15: 0 | AE15: 0 | AF15: =IFERROR(VLOOKUP(C15,'2_LN_DadosExportados'!V:V,1,FALSE),"") | AG15: {=IF(AND(ISERR(FIND("sim",INDEX('existencia de wc'!K$2:K$193,MATCH(IP_WC!C15,'existencia de wc'!B$2:B$192,0))))=FALSE,SUMPRODUCT(('2_LN_DadosExportados'!V$2:V$314=IP_WC!C15)*('2_LN_DadosExportados'!A$2:A$314="X"))>0), "MOSTRAR","")}
... A78: =IF(OR(E78>=D78,F78>=D78,G78>=D78,H78>=D78,I78>=D78,J78>=D78),"INVEST","OK") -> INVEST | B78: UNDEFINED | C78: UNDEFINED | D78: 0 | E78: =IFERROR(((SUMIFS('2_LN_DadosExportados'!AM:AM,'2_LN_DadosExportados'!$V:$V,$C78,'2_LN_DadosExportados'!$A:$A,"X")+R78)/$X78)*$D78,"") | F78: =IFERROR(((SUMIFS('2_LN_DadosExportados'!AN:AN,'2_LN_DadosExportados'!$V:$V,$C78,'2_LN_DadosExportados'!$A:$A,"X")+S78)/$X78)*$D78,"") | G78: =IFERROR(((SUMIFS('2_LN_DadosExportados'!AO:AO,'2_LN_DadosExportados'!$V:$V,$C78,'2_LN_DadosExportados'!$A:$A,"X")+T78)/$X78)*$D78,"") | H78: =IFERROR(((SUMIFS('2_LN_DadosExportados'!AP:AP,'2_LN_DadosExportados'!$V:$V,$C78,'2_LN_DadosExportados'!$A:$A,"X")+U78)/$X78)*$D78,"") | I78: =IFERROR(((SUMIFS('2_LN_DadosExportados'!AQ:AQ,'2_LN_DadosExportados'!$V:$V,$C78,'2_LN_DadosExportados'!$A:$A,"X")+V78)/$X78)*$D78,"") | J78: =IFERROR(((SUMIFS('2_LN_DadosExportados'!AR:AR,'2_LN_DadosExportados'!$V:$V,$C78,'2_LN_DadosExportados'!$A:$A,"X")+W78)/$X78)*$D78,"") | K78: =IFERROR(R78/$X78*$D78,"") | L78: =IFERROR(S78/$X78*$D78,"") | M78: =IFERROR(T78/$X78*$D78,"") | N78: =IFERROR(U78/$X78*$D78,"") | O78: =IFERROR(V78/$X78*$D78,"") | P78: =IFERROR(W78/$X78*$D78,"") | Q78: 0 | R78: 0 | S78: 0 | T78: 0 | U78: 0 | V78: 0 | W78: 0 | X78: =Y78*(Q78/100) -> 0 | Y78: =24*5.25*48*D78 -> 0 | Z78: 5085629 | AA78: 1932059 | AB78: 1824639 | AC78: 1717220 | AD78: 1609800 | AE78: 1556090 | AF78: =IFERROR(VLOOKUP(C78,'2_LN_DadosExportados'!V:V,1,FALSE),"") | AG78: {=IF(AND(ISERR(FIND("sim",INDEX('existencia de wc'!K$2:K$193,MATCH(IP_WC!C78,'existencia de wc'!B$2:B$192,0))))=FALSE,SUMPRODUCT(('2_LN_DadosExportados'!V$2:V$314=IP_WC!C78)*('2_LN_DadosExportados'!A$2:A$314="X"))>0), "MOSTRAR","")}

Sheet 2_LN_DadosExportados
C1: Item fabricado | E1: Lead time ordem | G1: Roteiro | I1: Unidade de roteiro | M1: Operação | O1: Próxima operação | P1: Ponto de contagem | Q1: Backflushing | R1: Taxa de produção | S1: Tarefa | U1: Cent. Trab. | W1: Máquina | Y1: Tempo config médio [min] | Z1: Lote de transferênc. < lote de produção | AA1: Tempo de ciclo [min] | AB1: Transferência em lote | AC1: Data efetiva | AE1: Data vencimento | AG1: Fator da taxa de subcontratação | AH1: Ocupação de mão-de-obra | AI1: Ocupação de MO para produção | AJ1: Ocupação da máquina | AK1: Duração fixa | AM1: 2026 | AN1: 2027 | AO1: 2028 | AP1: 2029 | AQ1: 2030
A2: =VLOOKUP(C2,'1_RFQ_DadosVendas'!B:R,17,FALSE) -> 0 | C2: RFQ102030 | D2: ROTOR (3.06971.00.0) | E2: 13 | F2: Dias | G2: 1 | H2: Principal | I2: 1 | J2: pc | M2: 20 | N2: 1 | O2: 0 | P2: Não | Q2: Sim | R2: 1176 | S2: 3101 | T2: Sinterizar | U2: 3100 | V2: WC - Sin Abbott RapidCool 1/2 | W2: 1434 | X2: Sin Abbott 2 - Rapid Cooling | Y2: 90 | Z2: Não | AA2: 0.051 | AB2: 0 | AC2: 42094 | AD2: 0.44721065 | AE2: 50424 | AF2: 0.051469907 | AG2: 0 | AH2: 1 | AI2: 0.7 | AJ2: 1 | AK2: Não | AM2: =IFERROR(VLOOKUP(C2,'1_RFQ_DadosVendas'!B:Q,12,FALSE)/$R2,"") -> 170.06803 | AN2: =IFERROR(VLOOKUP($C2,'1_RFQ_DadosVendas'!$B:$Q,13,FALSE)/$R2,"") -> 170.06803 | AO2: =IFERROR(VLOOKUP($C2,'1_RFQ_DadosVendas'!$B:$Q,14,FALSE)/$R2,"") -> 170.06803 | AP2: =IFERROR(VLOOKUP($C2,'1_RFQ_DadosVendas'!$B:$Q,15,FALSE)/$R2,"") -> 170.06803 | AQ2: =IFERROR(VLOOKUP($C2,'1_RFQ_DadosVendas'!$B:$Q,16,FALSE)/$R2,"") -> 170.06803
A3: =VLOOKUP(C3,'1_RFQ_DadosVendas'!B:R,17,FALSE) -> 0 | C3: RFQ102030 | D3: ROTOR (3.06971.00.0) | E3: 13 | F3: Dias | G3: 1 | H3: Principal | I3: 1 | J3: pc | M3: 30 | N3: 1 | O3: 0 | P3: Não | Q3: Sim | R3: 1176 | S3: 7302 | T3: Olear | U3: 7300 | V3: WC - Oleamento | W3: 2201 | X3: Ole TANQUE OLEAM. SINTERIZAÇÃO | Y3: 0 | Z3: Não | AA3: 0.051 | AB3: 0 | AC3: 42094 | AD3: 0.4481713 | AE3: 50424 | AF3: 0.051469907 | AG3: 0 | AH3: 0 | AI3: 0.12 | AJ3: 1 | AK3: Não | AM3: =IFERROR(VLOOKUP(C3,'1_RFQ_DadosVendas'!B:Q,12,FALSE)/$R3,"") -> 170.06803 | AN3: =IFERROR(VLOOKUP($C3,'1_RFQ_DadosVendas'!$B:$Q,13,FALSE)/$R3,"") -> 170.06803 | AO3: =IFERROR(VLOOKUP($C3,'1_RFQ_DadosVendas'!$B:$Q,14,FALSE)/$R3,"") -> 170.06803 | AP3: =IFERROR(VLOOKUP($C3,'1_RFQ_DadosVendas'!$B:$Q,15,FALSE)/$R3,"") -> 170.06803 | AQ3: =IFERROR(VLOOKUP($C3,'1_RFQ_DadosVendas'!$B:$Q,16,FALSE)/$R3,"") -> 170.06803
A4: =VLOOKUP(C4,'1_RFQ_DadosVendas'!B:R,17,FALSE) -> 0 | C4: RFQ102030 | D4: ROTOR (3.06971.00.0) | E4: 13 | F4: Dias | G4: 1 | H4: Principal | I4: 1 | J4: pc | M4: 40 | N4: 2 | O4: 0 | P4: Sim | Q4: Sim | R4: 2000 | S4: 8206 | T4: Embalar para subcontratado | U4: 8101 | V4: WC - Embalagem manual | W4: 908101 | X4: # POSTO INSP/EMBALAGEM 90 | Y4: 0 | Z4: Não | AA4: 0.03 | AB4: 0 | AC4: 45168 | AD4: 0.64762731 | AE4: 50424 | AF4: 0.051469907 | AG4: 0 | AH4: 0 | AI4: 1 | AJ4: 1 | AK4: Não | AM4: =IFERROR(VLOOKUP(C4,'1_RFQ_DadosVendas'!B:Q,12,FALSE)/$R4,"") -> 100 | AN4: =IFERROR(VLOOKUP($C4,'1_RFQ_DadosVendas'!$B:$Q,13,FALSE)/$R4,"") -> 100 | AO4: =IFERROR(VLOOKUP($C4,'1_RFQ_DadosVendas'!$B:$Q,14,FALSE)/$R4,"") -> 100 | AP4: =IFERROR(VLOOKUP($C4,'1_RFQ_DadosVendas'!$B:$Q,15,FALSE)/$R4,"") -> 100 | AQ4: =IFERROR(VLOOKUP($C4,'1_RFQ_DadosVendas'!$B:$Q,16,FALSE)/$R4,"") -> 100
A5: =VLOOKUP(C5,'1_RFQ_DadosVendas'!B:R,17,FALSE) -> 0 | C5: RFQ102030 | D5: ROTOR (3.06971.00.0) | E5: 13 | F5: Dias | G5: 1 | H5: Principal | I5: 1 | J5: pc | M5: 50 | N5: 1 | O5: 0 | P5: Não | Q5: Sim | S5: 8205 | T5: Expedir Subcontratado | U5: 8205 | V5: WC - Expedir Subcontratado | W5: 8205 | X5: # POSTO EXPEDIR SUBCONTRATADO | Y5: 0 | Z5: Não | AA5: 0 | AB5: 0 | AC5: 45273 | AD5: 0.42454861 | AE5: 50424 | AF5: 0.051469907 | AG5: 0 | AH5: 0 | AI5: 1 | AJ5: 1 | AK5: Sim | AM5: =IFERROR(VLOOKUP(C5,'1_RFQ_DadosVendas'!B:Q,12,FALSE)/$R5,"") | AN5: =IFERROR(VLOOKUP($C5,'1_RFQ_DadosVendas'!$B:$Q,13,FALSE)/$R5,"") | AO5: =IFERROR(VLOOKUP($C5,'1_RFQ_DadosVendas'!$B:$Q,14,FALSE)/$R5,"") | AP5: =IFERROR(VLOOKUP($C5,'1_RFQ_DadosVendas'!$B:$Q,15,FALSE)/$R5,"") | AQ5: =IFERROR(VLOOKUP($C5,'1_RFQ_DadosVendas'!$B:$Q,16,FALSE)/$R5,"")
A6: =VLOOKUP(C6,'1_RFQ_DadosVendas'!B:R,17,FALSE) -> 0 | C6: RFQ102030 | D6: ROTOR (3.06971.00.0) | E6: 13 | F6: Dias | G6: 1 | H6: Principal | I6: 1 | J6: pc | M6: 60 | N6: 2 | O6: 0 | P6: Sim | Q6: Não | S6: 4201 | T6: Subcontratado - Trat. Térmico | U6: 4007 | V6: WC - Sub_Sotherm | W6: 4007 | X6: Subcon Sotherm | Y6: 0 | Z6: Não | AA6: 0 | AB6: 0 | AC6: 45170 | AD6: 0.64179398 | AE6: 50424 | AF6: 0.051469907 | AG6: 1.4 | AH6: 0 | AI6: 1 | AJ6: 1 | AK6: Sim | AM6: =IFERROR(VLOOKUP(C6,'1_RFQ_DadosVendas'!B:Q,12,FALSE)/$R6,"") | AN6: =IFERROR(VLOOKUP($C6,'1_RFQ_DadosVendas'!$B:$Q,13,FALSE)/$R6,"") | AO6: =IFERROR(VLOOKUP($C6,'1_RFQ_DadosVendas'!$B:$Q,14,FALSE)/$R6,"") | AP6: =IFERROR(VLOOKUP($C6,'1_RFQ_DadosVendas'!$B:$Q,15,FALSE)/$R6,"") | AQ6: =IFERROR(VLOOKUP($C6,'1_RFQ_DadosVendas'!$B:$Q,16,FALSE)/$R6,"")
A7: =VLOOKUP(C7,'1_RFQ_DadosVendas'!B:R,17,FALSE) -> 0 | C7: RFQ102030 | D7: ROTOR (3.06971.00.0) | E7: 13 | F7: Dias | G7: 1 | H7: Principal | I7: 1 | J7: pc | M7: 70 | N7: 2 | O7: 0 | P7: Não | Q7: Sim | R7: 5000 | S7: 8406 | T7: Inspeção de Entrada | U7: 8401 | V7: WC - Inspecionar | W7: 908301 | X7: # POSTO DE INSPEÇÃO - 90 | Y7: 0 | Z7: Não | AA7: 0.012 | AB7: 0 | AC7: 45170 | AD7: 0.6415625 | AE7: 50424 | AF7: 0.051469907 | AG7: 0 | AH7: 0 | AI7: 1 | AJ7: 1 | AK7: Não | AM7: =IFERROR(VLOOKUP(C7,'1_RFQ_DadosVendas'!B:Q,12,FALSE)/$R7,"") -> 40 | AN7: =IFERROR(VLOOKUP($C7,'1_RFQ_DadosVendas'!$B:$Q,13,FALSE)/$R7,"") -> 40 | AO7: =IFERROR(VLOOKUP($C7,'1_RFQ_DadosVendas'!$B:$Q,14,FALSE)/$R7,"") -> 40 | AP7: =IFERROR(VLOOKUP($C7,'1_RFQ_DadosVendas'!$B:$Q,15,FALSE)/$R7,"") -> 40 | AQ7: =IFERROR(VLOOKUP($C7,'1_RFQ_DadosVendas'!$B:$Q,16,FALSE)/$R7,"") -> 40
A8: =VLOOKUP(C8,'1_RFQ_DadosVendas'!B:R,17,FALSE) -> 0 | C8: RFQ102030 | D8: ROTOR (3.06971.00.0) | E8: 13 | F8: Dias | G8: 1 | H8: Principal | I8: 1 | J8: pc | M8: 80 | N8: 1 | O8: 0 | P8: Não | Q8: Não | R8: 50 | S8: 6201 | T8: Tornear | U8: 6203 | V8: WC - Tor FAMAR Bi-SUB | W8: 2783 | X8: Tor FAMAR Bi-SUB | Y8: 210 | Z8: Sim | AA8: 1.2 | AB8: 99 | AC8: 45170 | AD8: 0.64128472 | AE8: 50424 | AF8: 0.051469907 | AG8: 0 | AH8: 1 | AI8: 1 | AJ8: 1 | AK8: Não | AM8: =IFERROR(VLOOKUP(C8,'1_RFQ_DadosVendas'!B:Q,12,FALSE)/$R8,"") -> 4000 | AN8: =IFERROR(VLOOKUP($C8,'1_RFQ_DadosVendas'!$B:$Q,13,FALSE)/$R8,"") -> 4000 | AO8: =IFERROR(VLOOKUP($C8,'1_RFQ_DadosVendas'!$B:$Q,14,FALSE)/$R8,"") -> 4000 | AP8: =IFERROR(VLOOKUP($C8,'1_RFQ_DadosVendas'!$B:$Q,15,FALSE)/$R8,"") -> 4000 | AQ8: =IFERROR(VLOOKUP($C8,'1_RFQ_DadosVendas'!$B:$Q,16,FALSE)/$R8,"") -> 4000
A9: =VLOOKUP(C9,'1_RFQ_DadosVendas'!B:R,17,FALSE) -> 0 | C9: RFQ102030 | D9: ROTOR (3.06971.00.0) | E9: 13 | F9: Dias | G9: 1 | H9: Principal | I9: 1 | J9: pc | M9: 90 | N9: 1 | O9: 0 | P9: Não | Q9: Sim | R9: 400 | S9: 8301 | T9: Selecionar Visual 100% | U9: 8302 | V9: WC - Selecionar 100% | W9: 908401 | X9: # POSTO DE SELEÇÃO 100% - 90 | Y9: 0 | Z9: Não | AA9: 0.15 | AB9: 0 | AC9: 45168 | AD9: 0.65070602 | AE9: 50424 | AF9: 0.051469907 | AG9: 0 | AH9: 0 | AI9: 1 | AJ9: 1 | AK9: Não | AM9: =IFERROR(VLOOKUP(C9,'1_RFQ_DadosVendas'!B:Q,12,FALSE)/$R9,"") -> 500 | AN9: =IFERROR(VLOOKUP($C9,'1_RFQ_DadosVendas'!$B:$Q,13,FALSE)/$R9,"") -> 500 | AO9: =IFERROR(VLOOKUP($C9,'1_RFQ_DadosVendas'!$B:$Q,14,FALSE)/$R9,"") -> 500 | AP9: =IFERROR(VLOOKUP($C9,'1_RFQ_DadosVendas'!$B:$Q,15,FALSE)/$R9,"") -> 500 | AQ9: =IFERROR(VLOOKUP($C9,'1_RFQ_DadosVendas'!$B:$Q,16,FALSE)/$R9,"") -> 500
A10: =VLOOKUP(C10,'1_RFQ_DadosVendas'!B:R,17,FALSE) -> 0 | C10: RFQ102030 | D10: ROTOR (3.06971.00.0) | E10: 13 | F10: Dias | G10: 1 | H10: Principal | I10: 1 | J10: pc | M10: 100 | N10: 1 | O10: 0 | P10: Não | Q10: Não | R10: 300 | S10: 8410 | T10: TESTE DE TORQUE | U10: 8401 | V10: WC - Inspecionar | W10: 908301 | X10: # POSTO DE INSPEÇÃO - 90 | Y10: 60 | Z10: Não | AA10: 0.2 | AB10: 0 | AC10: 45273 | AD10: 0.42982639 | AE10: 50424 | AF10: 0.051469907 | AG10: 0 | AH10: 1 | AI10: 1 | AJ10: 1 | AK10: Não | AM10: =IFERROR(VLOOKUP(C10,'1_RFQ_DadosVendas'!B:Q,12,FALSE)/$R10,"") -> 666.66667 | AN10: =IFERROR(VLOOKUP($C10,'1_RFQ_DadosVendas'!$B:$Q,13,FALSE)/$R10,"") -> 666.66667 | AO10: =IFERROR(VLOOKUP($C10,'1_RFQ_DadosVendas'!$B:$Q,14,FALSE)/$R10,"") -> 666.66667 | AP10: =IFERROR(VLOOKUP($C10,'1_RFQ_DadosVendas'!$B:$Q,15,FALSE)/$R10,"") -> 666.66667 | AQ10: =IFERROR(VLOOKUP($C10,'1_RFQ_DadosVendas'!$B:$Q,16,FALSE)/$R10,"") -> 666.66667
A11: =VLOOKUP(C11,'1_RFQ_DadosVendas'!B:R,17,FALSE) -> 0 | C11: RFQ102030 | D11: ROTOR (3.06971.00.0) | E11: 13 | F11: Dias | G11: 1 | H11: Principal | I11: 1 | J11: pc | M11: 110 | N11: 1 | O11: 0 | P11: Sim | Q11: Sim | R11: 2000 | S11: 8101 | T11: Embalar | U11: 8101 | V11: WC - Embalagem manual | W11: 908101 | X11: # POSTO INSP/EMBALAGEM 90 | Y11: 0 | Z11: Não | AA11: 0.03 | AB11: 0 | AC11: 45273 | AD11: 0.43122685 | AE11: 50424 | AF11: 0.051469907 | AG11: 0 | AH11: 0 | AI11: 0 | AJ11: 1 | AK11: Não | AM11: =IFERROR(VLOOKUP(C11,'1_RFQ_DadosVendas'!B:Q,12,FALSE)/$R11,"") -> 100 | AN11: =IFERROR(VLOOKUP($C11,'1_RFQ_DadosVendas'!$B:$Q,13,FALSE)/$R11,"") -> 100 | AO11: =IFERROR(VLOOKUP($C11,'1_RFQ_DadosVendas'!$B:$Q,14,FALSE)/$R11,"") -> 100 | AP11: =IFERROR(VLOOKUP($C11,'1_RFQ_DadosVendas'!$B:$Q,15,FALSE)/$R11,"") -> 100 | AQ11: =IFERROR(VLOOKUP($C11,'1_RFQ_DadosVendas'!$B:$Q,16,FALSE)/$R11,"") -> 100
A12: =VLOOKUP(C12,'1_RFQ_DadosVendas'!B:R,17,FALSE) -> 0 | C12: RFQ102030 | D12: ROTOR (3.06971.00.0) | E12: 13 | F12: Dias | G12: 1 | H12: Principal | I12: 1 | J12: pc | M12: 120 | N12: 1 | O12: 0 | P12: Não | Q12: Não | R12: 2000 | S12: 8412 | T12: INSP. SAFE LAUNCH | U12: 8401 | V12: WC - Inspecionar | W12: 908301 | X12: # POSTO DE INSPEÇÃO - 90 | Y12: 0 | Z12: Não | AA12: 0.03 | AB12: 0 | AC12: 45273 | AD12: 0.4315162 | AE12: 50424 | AF12: 0.051469907 | AG12: 0 | AH12: 0 | AI12: 1 | AJ12: 1 | AK12: Não | AM12: =IFERROR(VLOOKUP(C12,'1_RFQ_DadosVendas'!B:Q,12,FALSE)/$R12,"") -> 100 | AN12: =IFERROR(VLOOKUP($C12,'1_RFQ_DadosVendas'!$B:$Q,13,FALSE)/$R12,"") -> 100 | AO12: =IFERROR(VLOOKUP($C12,'1_RFQ_DadosVendas'!$B:$Q,14,FALSE)/$R12,"") -> 100 | AP12: =IFERROR(VLOOKUP($C12,'1_RFQ_DadosVendas'!$B:$Q,15,FALSE)/$R12,"") -> 100 | AQ12: =IFERROR(VLOOKUP($C12,'1_RFQ_DadosVendas'!$B:$Q,16,FALSE)/$R12,"") -> 100
A13: =VLOOKUP(C13,'1_RFQ_DadosVendas'!B:R,17,FALSE) -> 0 | C13: RFQ102030 | D13: ROTOR (3.06971.00.0) | E13: 13 | F13: Dias | G13: 1 | H13: Principal | I13: 1 | J13: pc | L13: F | M13: 130 | N13: 1 | O13: 0 | P13: Não | Q13: Sim | S13: 8414 | T13: Auditoria Final | U13: 8414 | V13: WC - Auditoria Final | W13: 908414 | X13: # POSTO DE AUDITORIA FINAL | Y13: 0 | Z13: Não | AA13: 0 | AB13: 0 | AC13: 45273 | AD13: 0.4319213 | AE13: 50424 | AF13: 0.051469907 | AG13: 0 | AH13: 0 | AI13: 1 | AJ13: 1 | AK13: Sim | AM13: =IFERROR(VLOOKUP(C13,'1_RFQ_DadosVendas'!B:Q,12,FALSE)/$R13,"") | AN13: =IFERROR(VLOOKUP($C13,'1_RFQ_DadosVendas'!$B:$Q,13,FALSE)/$R13,"") | AO13: =IFERROR(VLOOKUP($C13,'1_RFQ_DadosVendas'!$B:$Q,14,FALSE)/$R13,"") | AP13: =IFERROR(VLOOKUP($C13,'1_RFQ_DadosVendas'!$B:$Q,15,FALSE)/$R13,"") | AQ13: =IFERROR(VLOOKUP($C13,'1_RFQ_DadosVendas'!$B:$Q,16,FALSE)/$R13,"")
A14: =VLOOKUP(C14,'1_RFQ_DadosVendas'!B:R,17,FALSE) -> 0 | C14: RFQ405060 | D14: REACTION PLATE | E14: 2 | F14: Dias | G14: 1 | H14: PRINCIPAL | I14: 1000 | J14: pc | K14: I | M14: 5 | N14: 1 | O14: 0 | P14: Não | Q14: Sim | S14: 1601 | T14: Preparar Ferramenta Compactaçã | U14: 8013 | V14: WC - Preparação Ferrament - GF | W14: 801301 | X14: # POSTO PREPARAÇÃO FERRAMENTAL | Y14: 120 | Z14: Não | AA14: 0 | AB14: 0 | AC14: 45216 | AD14: 0.46988426 | AE14: 50424 | AF14: 0.051469907 | AG14: 0 | AH14: 1 | AI14: 1 | AJ14: 1 | AK14: Sim | AM14: =IFERROR(VLOOKUP(C14,'1_RFQ_DadosVendas'!B:Q,12,FALSE)/$R14,"") | AN14: =IFERROR(VLOOKUP($C14,'1_RFQ_DadosVendas'!$B:$Q,13,FALSE)/$R14,"") | AO14: =IFERROR(VLOOKUP($C14,'1_RFQ_DadosVendas'!$B:$Q,14,FALSE)/$R14,"") | AP14: =IFERROR(VLOOKUP($C14,'1_RFQ_DadosVendas'!$B:$Q,15,FALSE)/$R14,"") | AQ14: =IFERROR(VLOOKUP($C14,'1_RFQ_DadosVendas'!$B:$Q,16,FALSE)/$R14,"")
A15: =VLOOKUP(C15,'1_RFQ_DadosVendas'!B:R,17,FALSE) -> 0 | C15: RFQ405060 | D15: REACTION PLATE | E15: 2 | F15: Dias | G15: 1 | H15: PRINCIPAL | I15: 1000 | J15: pc | M15: 10 | N15: 1 | O15: 0 | P15: Sim | Q15: Sim | R15: 120 | S15: 2101 | T15: Compactar | U15: 2180 | V15: WC - Com KPP 450 t Osterw 1/2 | W15: 1993 | X15: Com 450 ton Osterwalder 2 | Y15: 330 | Z15: Não | AA15: 500 | AB15: 0 | AC15: 43605 | AD15: 0.42607639 | AE15: 50424 | AF15: 0.051469907 | AG15: 0 | AH15: 1 | AI15: 1 | AJ15: 1 | AK15: Não | AM15: =IFERROR(VLOOKUP(C15,'1_RFQ_DadosVendas'!B:Q,12,FALSE)/$R15,"") -> 0 | AN15: =IFERROR(VLOOKUP($C15,'1_RFQ_DadosVendas'!$B:$Q,13,FALSE)/$R15,"") -> 0 | AO15: =IFERROR(VLOOKUP($C15,'1_RFQ_DadosVendas'!$B:$Q,14,FALSE)/$R15,"") -> 1250 | AP15: =IFERROR(VLOOKUP($C15,'1_RFQ_DadosVendas'!$B:$Q,15,FALSE)/$R15,"") -> 1250 | AQ15: =IFERROR(VLOOKUP($C15,'1_RFQ_DadosVendas'!$B:$Q,16,FALSE)/$R15,"") -> 1250
A16: =VLOOKUP(C16,'1_RFQ_DadosVendas'!B:R,17,FALSE) -> 0 | C16: RFQ405060 | D16: REACTION PLATE | E16: 2 | F16: Dias | G16: 1 | H16: PRINCIPAL | I16: 1000 | J16: pc | M16: 20 | N16: 2 | O16: 0 | P16: Não | Q16: Sim | R16: 168 | S16: 3101 | T16: Sinterizar | U16: 3102 | V16: WC - Sin Abbott Convencional 3 | W16: 2264 | X16: OFF - Sin Abbott 3 | Y16: 90 | Z16: Sim | AA16: 357.143 | AB16: 33 | AC16: 40792 | AD16: 0.29166667 | AE16: 50423 | AF16: 0.875 | AG16: 0 | AH16: 0 | AI16: 0.7 | AJ16: 1 | AK16: Não | AM16: =IFERROR(VLOOKUP(C16,'1_RFQ_DadosVendas'!B:Q,12,FALSE)/$R16,"") -> 0 | AN16: =IFERROR(VLOOKUP($C16,'1_RFQ_DadosVendas'!$B:$Q,13,FALSE)/$R16,"") -> 0 | AO16: =IFERROR(VLOOKUP($C16,'1_RFQ_DadosVendas'!$B:$Q,14,FALSE)/$R16,"") -> 892.85714 | AP16: =IFERROR(VLOOKUP($C16,'1_RFQ_DadosVendas'!$B:$Q,15,FALSE)/$R16,"") -> 892.85714 | AQ16: =IFERROR(VLOOKUP($C16,'1_RFQ_DadosVendas'!$B:$Q,16,FALSE)/$R16,"") -> 892.85714
A17: =VLOOKUP(C17,'1_RFQ_DadosVendas'!B:R,17,FALSE) -> 0 | C17: RFQ405060 | D17: REACTION PLATE | E17: 2 | F17: Dias | G17: 1 | H17: PRINCIPAL | I17: 1000 | J17: pc | M17: 30 | N17: 1 | O17: 0 | P17: Não | Q17: Sim | R17: 120 | S17: 7501 | T17: Tamborear | U17: 7501 | V17: WC - Vib Rosler e Otocarva | W17: 11 | X17: Vib Rosler 1 | Y17: 60 | Z17: Não | AA17: 500 | AB17: 0 | AC17: 40781 | AD17: 0.29166667 | AE17: 50423 | AF17: 0.875 | AG17: 0 | AH17: 1 | AI17: 0.12 | AJ17: 1 | AK17: Não | AM17: =IFERROR(VLOOKUP(C17,'1_RFQ_DadosVendas'!B:Q,12,FALSE)/$R17,"") -> 0 | AN17: =IFERROR(VLOOKUP($C17,'1_RFQ_DadosVendas'!$B:$Q,13,FALSE)/$R17,"") -> 0 | AO17: =IFERROR(VLOOKUP($C17,'1_RFQ_DadosVendas'!$B:$Q,14,FALSE)/$R17,"") -> 1250 | AP17: =IFERROR(VLOOKUP($C17,'1_RFQ_DadosVendas'!$B:$Q,15,FALSE)/$R17,"") -> 1250 | AQ17: =IFERROR(VLOOKUP($C17,'1_RFQ_DadosVendas'!$B:$Q,16,FALSE)/$R17,"") -> 1250
A18: =VLOOKUP(C18,'1_RFQ_DadosVendas'!B:R,17,FALSE) -> 0 | C18: RFQ405060 | D18: REACTION PLATE | E18: 2 | F18: Dias | G18: 1 | H18: PRINCIPAL | I18: 1000 | J18: pc | M18: 35 | N18: 1 | O18: 0 | P18: Não | Q18: Sim | R18: 120 | S18: 7302 | T18: Olear | U18: 7300 | V18: WC - Oleamento | W18: 2029 | X18: Ole TANQUE OLEAM TAMBOREAMENTO | Y18: 0 | Z18: Sim | AA18: 500 | AB18: 33 | AC18: 43381 | AD18: 0.71052083 | AE18: 50424 | AF18: 0.051469907 | AG18: 0 | AH18: 0 | AI18: 0.12 | AJ18: 1 | AK18: Não | AM18: =IFERROR(VLOOKUP(C18,'1_RFQ_DadosVendas'!B:Q,12,FALSE)/$R18,"") -> 0 | AN18: =IFERROR(VLOOKUP($C18,'1_RFQ_DadosVendas'!$B:$Q,13,FALSE)/$R18,"") -> 0 | AO18: =IFERROR(VLOOKUP($C18,'1_RFQ_DadosVendas'!$B:$Q,14,FALSE)/$R18,"") -> 1250 | AP18: =IFERROR(VLOOKUP($C18,'1_RFQ_DadosVendas'!$B:$Q,15,FALSE)/$R18,"") -> 1250 | AQ18: =IFERROR(VLOOKUP($C18,'1_RFQ_DadosVendas'!$B:$Q,16,FALSE)/$R18,"") -> 1250
A19: =VLOOKUP(C19,'1_RFQ_DadosVendas'!B:R,17,FALSE) -> 0 | C19: RFQ405060 | D19: REACTION PLATE | E19: 2 | F19: Dias | G19: 1 | H19: PRINCIPAL | I19: 1000 | J19: pc | M19: 38 | N19: 1 | O19: 0 | P19: Não | Q19: Sim | S19: 6201 | T19: Tornear | U19: 6200 | V19: WC - Torno CNC Okuma 1/2/3/4 | W19: 33 | X19: Tor Okuma 1 | Y19: 60 | Z19: Não | AA19: 0 | AB19: 0 | AC19: 45834 | AD19: 0.64166667 | AE19: 50424 | AF19: 0.051469907 | AG19: 0 | AH19: 1 | AI19: 1 | AJ19: 1 | AK19: Não | AM19: =IFERROR(VLOOKUP(C19,'1_RFQ_DadosVendas'!B:Q,12,FALSE)/$R19,"") | AN19: =IFERROR(VLOOKUP($C19,'1_RFQ_DadosVendas'!$B:$Q,13,FALSE)/$R19,"") | AO19: =IFERROR(VLOOKUP($C19,'1_RFQ_DadosVendas'!$B:$Q,14,FALSE)/$R19,"") | AP19: =IFERROR(VLOOKUP($C19,'1_RFQ_DadosVendas'!$B:$Q,15,FALSE)/$R19,"") | AQ19: =IFERROR(VLOOKUP($C19,'1_RFQ_DadosVendas'!$B:$Q,16,FALSE)/$R19,"")
A20: =VLOOKUP(C20,'1_RFQ_DadosVendas'!B:R,17,FALSE) -> 0 | C20: RFQ405060 | D20: REACTION PLATE | E20: 2 | F20: Dias | G20: 1 | H20: PRINCIPAL | I20: 1000 | J20: pc | M20: 40 | N20: 2 | O20: 0 | P20: Sim | Q20: Sim | R20: 30000 | S20: 8101 | T20: Embalar | U20: 8101 | V20: WC - Embalagem manual | W20: 908101 | X20: # POSTO INSP/EMBALAGEM 90 | Y20: 0 | Z20: Sim | AA20: 2 | AB20: 33 | AC20: 43381 | AD20: 0.71072917 | AE20: 50424 | AF20: 0.051469907 | AG20: 0 | AH20: 0 | AI20: 1 | AJ20: 1 | AK20: Não | AM20: =IFERROR(VLOOKUP(C20,'1_RFQ_DadosVendas'!B:Q,12,FALSE)/$R20,"") -> 0 | AN20: =IFERROR(VLOOKUP($C20,'1_RFQ_DadosVendas'!$B:$Q,13,FALSE)/$R20,"") -> 0 | AO20: =IFERROR(VLOOKUP($C20,'1_RFQ_DadosVendas'!$B:$Q,14,FALSE)/$R20,"") -> 5 | AP20: =IFERROR(VLOOKUP($C20,'1_RFQ_DadosVendas'!$B:$Q,15,FALSE)/$R20,"") -> 5 | AQ20: =IFERROR(VLOOKUP($C20,'1_RFQ_DadosVendas'!$B:$Q,16,FALSE)/$R20,"") -> 5
A21: =VLOOKUP(C21,'1_RFQ_DadosVendas'!B:R,17,FALSE) -> 0 | C21: RFQ405060 | D21: REACTION PLATE | E21: 2 | F21: Dias | G21: 1 | H21: PRINCIPAL | I21: 1000 | J21: pc | L21: F | M21: 50 | N21: 1 | O21: 0 | P21: Não | Q21: Sim | S21: 8414 | T21: Auditoria Final | U21: 8414 | V21: WC - Auditoria Final | W21: 908414 | X21: # POSTO DE AUDITORIA FINAL | Y21: 0 | Z21: Não | AA21: 0 | AB21: 0 | AC21: 43381 | AD21: 0.71099537 | AE21: 50424 | AF21: 0.051469907 | AG21: 0 | AH21: 0 | AI21: 1 | AJ21: 1 | AK21: Sim | AM21: =IFERROR(VLOOKUP(C21,'1_RFQ_DadosVendas'!B:Q,12,FALSE)/$R21,"") | AN21: =IFERROR(VLOOKUP($C21,'1_RFQ_DadosVendas'!$B:$Q,13,FALSE)/$R21,"") | AO21: =IFERROR(VLOOKUP($C21,'1_RFQ_DadosVendas'!$B:$Q,14,FALSE)/$R21,"") | AP21: =IFERROR(VLOOKUP($C21,'1_RFQ_DadosVendas'!$B:$Q,15,FALSE)/$R21,"") | AQ21: =IFERROR(VLOOKUP($C21,'1_RFQ_DadosVendas'!$B:$Q,16,FALSE)/$R21,"")

Sheet 3_Industrial_Plan_Idash
D1: Req, machines | F1: Req. machines Strategy + RFQ | K1: Req, machines Strategy | Q1: Actual Oee (%) | R1: Req, capacity (h) Strategy | X1: Planned capacity (h) Strategy | AD1: Total capacity (h) Strategy | AJ1: Quantity Strategy
A2: NECESSÁRIO INVESTIR? | B2: Name | C2: Description | D2: Actual machine | E2: 2025 | F2: 2026 | G2: 2027 | H2: 2028 | I2: 2029 | J2: 2030 | K2: 2025 | L2: 2026 | M2: 2027 | N2: 2028 | O2: 2029 | P2: 2030 | Q2: Standard Oee | R2: 2025 | S2: 2026 | T2: 2027 | U2: 2028 | V2: 2029 | W2: 2030 | X2: 2025 | Y2: 2026 | Z2: 2027 | AA2: 2028 | AB2: 2029 | AC2: 2030 | AD2: 2025 | AE2: 2026 | AF2: 2027 | AG2: 2028 | AH2: 2029 | AI2: 2030 | AJ2: 2025 | AK2: 2026 | AL2: 2027 | AM2: 2028 | AN2: 2029 | AO2: 2030 | AP2: WC no RFQ | AQ2: TESTE 2
B3: Total | D3: =SUM(D4:D77) -> 91 | E3: =SUM(E4:E77) -> 40.301293 | F3: =SUM(F4:F77) -> 38.460879 | G3: =SUM(G4:G77) -> 38.662751 | H3: =SUM(H4:H77) -> 40.382061 | I3: =SUM(I4:I77) -> 42.734599 | J3: =SUM(J4:J77) -> 42.727974 | K3: =SUM(K4:K77) -> 40.301293 | ... AO3: =SUM(AO4:AO77) -> 308865224 | AP3: =IFERROR(VLOOKUP(D4,'2_LN_DadosExportados'!V:V,1,FALSE),"")
A4: =IF(OR(E4>=D4,F4>=D4,G4>=D4,H4>=D4,I4>=D4,J4>=D4),"INVEST","OK") -> OK | B4: HOR-0150 | C4: WC - Fer Tor ROMI Multiplic30D | D4: 1 | E4: =IFERROR(((SUMIFS('2_LN_DadosExportados'!AL:AL,'2_LN_DadosExportados'!$V:$V,$C4,'2_LN_DadosExportados'!$A:$A,"X")+R4)/X4)*$D4,"") -> 0 | F4: =IFERROR(((SUMIFS('2_LN_DadosExportados'!AM:AM,'2_LN_DadosExportados'!$V:$V,$C4,'2_LN_DadosExportados'!$A:$A,"X")+S4)/Y4)*$D4,"") -> 0 | G4: =IFERROR(((SUMIFS('2_LN_DadosExportados'!AN:AN,'2_LN_DadosExportados'!$V:$V,$C4,'2_LN_DadosExportados'!$A:$A,"X")+T4)/Z4)*$D4,"") -> 0 | H4: =IFERROR(((SUMIFS('2_LN_DadosExportados'!AO:AO,'2_LN_DadosExportados'!$V:$V,$C4,'2_LN_DadosExportados'!$A:$A,"X")+U4)/AA4)*$D4,"") -> 0 | I4: =IFERROR(((SUMIFS('2_LN_DadosExportados'!AP:AP,'2_LN_DadosExportados'!$V:$V,$C4,'2_LN_DadosExportados'!$A:$A,"X")+V4)/AB4)*$D4,"") -> 0 | J4: =IFERROR(((SUMIFS('2_LN_DadosExportados'!AQ:AQ,'2_LN_DadosExportados'!$V:$V,$C4,'2_LN_DadosExportados'!$A:$A,"X")+W4)/AC4)*$D4,"") -> 0 | K4: =IFERROR(R4/X4*$D4,"") -> 0 | L4: =IFERROR(S4/Y4*$D4,"") -> 0 | M4: =IFERROR(T4/Z4*$D4,"") -> 0 | N4: =IFERROR(U4/AA4*$D4,"") -> 0 | O4: =IFERROR(V4/AB4*$D4,"") -> 0 | P4: =IFERROR(W4/AC4*$D4,"") -> 0 | Q4: 90 | R4: 0 | S4: 0 | T4: 0 | U4: 0 | V4: 0 | W4: 0 | X4: =AD4*($Q4/100) -> 4348.8 | Y4: =AE4*($Q4/100) -> 4095 | Z4: =AF4*($Q4/100) -> 4336.11 | AA4: =AG4*($Q4/100) -> 4329.27 | AB4: =AH4*($Q4/100) -> 4328.64 | AC4: =AI4*($Q4/100) -> 4367.25 | AD4: 4832 | AE4: 4550 | AF4: 4817.9 | AG4: 4810.3 | AH4: 4809.6 | AI4: 4852.5 | AJ4: 0 | AK4: 0 | AL4: 0 | AM4: 0 | AN4: 0 | AO4: 0 | AP4: =IFERROR(VLOOKUP(C4,'2_LN_DadosExportados'!V:V,1,FALSE),"") | AQ4: {=IF(AND(ISERR(FIND("sim",INDEX('existencia de wc'!K$2:K$193,MATCH('3_Industrial_Plan_Idash'!C4,'existencia de wc'!B$2:B$192,0))))=FALSE,SUMPRODUCT(('2_LN_DadosExportados'!V$2:V$314='3_Industrial_Plan_Idash'!C4)*('2_LN_DadosExportados'!A$2:A$314="X"))>0), "MOSTRAR","")}
A5: =IF(OR(E5>=D5,F5>=D5,G5>=D5,H5>=D5,I5>=D5,J5>=D5),"INVEST","OK") -> OK | B5: HOR-0160 | C5: WC - Fer Torno Mazak Integrex | D5: 1 | E5: =IFERROR(((SUMIFS('2_LN_DadosExportados'!AL:AL,'2_LN_DadosExportados'!$V:$V,$C5,'2_LN_DadosExportados'!$A:$A,"X")+R5)/X5)*$D5,"") -> 0 | F5: =IFERROR(((SUMIFS('2_LN_DadosExportados'!AM:AM,'2_LN_DadosExportados'!$V:$V,$C5,'2_LN_DadosExportados'!$A:$A,"X")+S5)/Y5)*$D5,"") -> 0 | G5: =IFERROR(((SUMIFS('2_LN_DadosExportados'!AN:AN,'2_LN_DadosExportados'!$V:$V,$C5,'2_LN_DadosExportados'!$A:$A,"X")+T5)/Z5)*$D5,"") -> 0 | H5: =IFERROR(((SUMIFS('2_LN_DadosExportados'!AO:AO,'2_LN_DadosExportados'!$V:$V,$C5,'2_LN_DadosExportados'!$A:$A,"X")+U5)/AA5)*$D5,"") -> 0 | I5: =IFERROR(((SUMIFS('2_LN_DadosExportados'!AP:AP,'2_LN_DadosExportados'!$V:$V,$C5,'2_LN_DadosExportados'!$A:$A,"X")+V5)/AB5)*$D5,"") -> 0 | J5: =IFERROR(((SUMIFS('2_LN_DadosExportados'!AQ:AQ,'2_LN_DadosExportados'!$V:$V,$C5,'2_LN_DadosExportados'!$A:$A,"X")+W5)/AC5)*$D5,"") -> 0 | K5: =IFERROR(R5/X5*$D5,"") -> 0 | L5: =IFERROR(S5/Y5*$D5,"") -> 0 | M5: =IFERROR(T5/Z5*$D5,"") -> 0 | N5: =IFERROR(U5/AA5*$D5,"") -> 0 | O5: =IFERROR(V5/AB5*$D5,"") -> 0 | P5: =IFERROR(W5/AC5*$D5,"") -> 0 | Q5: 90 | R5: 0 | S5: 0 | T5: 0 | U5: 0 | V5: 0 | W5: 0 | X5: =AD5*($Q5/100) -> 4348.8 | Y5: =AE5*($Q5/100) -> 4095 | Z5: =AF5*($Q5/100) -> 4336.11 | AA5: =AG5*($Q5/100) -> 4329.27 | AB5: =AH5*($Q5/100) -> 4328.64 | AC5: =AI5*($Q5/100) -> 4367.25 | AD5: 4832 | AE5: 4550 | AF5: 4817.9 | AG5: 4810.3 | AH5: 4809.6 | AI5: 4852.5 | AJ5: 0 | AK5: 0 | AL5: 0 | AM5: 0 | AN5: 0 | AO5: 0 | AP5: =IFERROR(VLOOKUP(C5,'2_LN_DadosExportados'!V:V,1,FALSE),"") | AQ5: {=IF(AND(ISERR(FIND("sim",INDEX('existencia de wc'!K$2:K$193,MATCH('3_Industrial_Plan_Idash'!C5,'existencia de wc'!B$2:B$192,0))))=FALSE,SUMPRODUCT(('2_LN_DadosExportados'!V$2:V$314='3_Industrial_Plan_Idash'!C5)*('2_LN_DadosExportados'!A$2:A$314="X"))>0), "MOSTRAR","")}
A6: =IF(OR(E6>=D6,F6>=D6,G6>=D6,H6>=D6,I6>=D6,J6>=D6),"INVEST","OK") -> OK | B6: HOR-0201 | C6: WC - Fer Fresadora | D6: 1 | E6: =IFERROR(((SUMIFS('2_LN_DadosExportados'!AL:AL,'2_LN_DadosExportados'!$V:$V,$C6,'2_LN_DadosExportados'!$A:$A,"X")+R6)/X6)*$D6,"") -> 0 | F6: =IFERROR(((SUMIFS('2_LN_DadosExportados'!AM:AM,'2_LN_DadosExportados'!$V:$V,$C6,'2_LN_DadosExportados'!$A:$A,"X")+S6)/Y6)*$D6,"") -> 0 | G6: =IFERROR(((SUMIFS('2_LN_DadosExportados'!AN:AN,'2_LN_DadosExportados'!$V:$V,$C6,'2_LN_DadosExportados'!$A:$A,"X")+T6)/Z6)*$D6,"") -> 0 | H6: =IFERROR(((SUMIFS('2_LN_DadosExportados'!AO:AO,'2_LN_DadosExportados'!$V:$V,$C6,'2_LN_DadosExportados'!$A:$A,"X")+U6)/AA6)*$D6,"") -> 0 | I6: =IFERROR(((SUMIFS('2_LN_DadosExportados'!AP:AP,'2_LN_DadosExportados'!$V:$V,$C6,'2_LN_DadosExportados'!$A:$A,"X")+V6)/AB6)*$D6,"") -> 0 | J6: =IFERROR(((SUMIFS('2_LN_DadosExportados'!AQ:AQ,'2_LN_DadosExportados'!$V:$V,$C6,'2_LN_DadosExportados'!$A:$A,"X")+W6)/AC6)*$D6,"") -> 0 | K6: =IFERROR(R6/X6*$D6,"") -> 0 | L6: =IFERROR(S6/Y6*$D6,"") -> 0 | M6: =IFERROR(T6/Z6*$D6,"") -> 0 | N6: =IFERROR(U6/AA6*$D6,"") -> 0 | O6: =IFERROR(V6/AB6*$D6,"") -> 0 | P6: =IFERROR(W6/AC6*$D6,"") -> 0 | Q6: 90 | R6: 0 | S6: 0 | T6: 0 | U6: 0 | V6: 0 | W6: 0 | X6: =AD6*($Q6/100) -> 4348.8 | Y6: =AE6*($Q6/100) -> 4095 | Z6: =AF6*($Q6/100) -> 4336.11 | AA6: =AG6*($Q6/100) -> 4329.27 | AB6: =AH6*($Q6/100) -> 4328.64 | AC6: =AI6*($Q6/100) -> 4367.25 | AD6: 4832 | AE6: 4550 | AF6: 4817.9 | AG6: 4810.3 | AH6: 4809.6 | AI6: 4852.5 | AJ6: 0 | AK6: 0 | AL6: 0 | AM6: 0 | AN6: 0 | AO6: 0 | AP6: =IFERROR(VLOOKUP(C6,'2_LN_DadosExportados'!V:V,1,FALSE),"") | AQ6: {=IF(AND(ISERR(FIND("sim",INDEX('existencia de wc'!K$2:K$193,MATCH('3_Industrial_Plan_Idash'!C6,'existencia de wc'!B$2:B$192,0))))=FALSE,SUMPRODUCT(('2_LN_DadosExportados'!V$2:V$314='3_Industrial_Plan_Idash'!C6)*('2_LN_DadosExportados'!A$2:A$314="X"))>0), "MOSTRAR","")}
A7: =IF(OR(E7>=D7,F7>=D7,G7>=D7,H7>=D7,I7>=D7,J7>=D7),"INVEST","OK") -> OK | B7: HOR-0300 | C7: WC - Fer Eletro Fio Challenge | D7: 1 | E7: =IFERROR(((SUMIFS('2_LN_DadosExportados'!AL:AL,'2_LN_DadosExportados'!$V:$V,$C7,'2_LN_DadosExportados'!$A:$A,"X")+R7)/X7)*$D7,"") -> 0 | F7: =IFERROR(((SUMIFS('2_LN_DadosExportados'!AM:AM,'2_LN_DadosExportados'!$V:$V,$C7,'2_LN_DadosExportados'!$A:$A,"X")+S7)/Y7)*$D7,"") -> 0 | G7: =IFERROR(((SUMIFS('2_LN_DadosExportados'!AN:AN,'2_LN_DadosExportados'!$V:$V,$C7,'2_LN_DadosExportados'!$A:$A,"X")+T7)/Z7)*$D7,"") -> 0 | H7: =IFERROR(((SUMIFS('2_LN_DadosExportados'!AO:AO,'2_LN_DadosExportados'!$V:$V,$C7,'2_LN_DadosExportados'!$A:$A,"X")+U7)/AA7)*$D7,"") -> 0 | I7: =IFERROR(((SUMIFS('2_LN_DadosExportados'!AP:AP,'2_LN_DadosExportados'!$V:$V,$C7,'2_LN_DadosExportados'!$A:$A,"X")+V7)/AB7)*$D7,"") -> 0 | J7: =IFERROR(((SUMIFS('2_LN_DadosExportados'!AQ:AQ,'2_LN_DadosExportados'!$V:$V,$C7,'2_LN_DadosExportados'!$A:$A,"X")+W7)/AC7)*$D7,"") -> 0 | K7: =IFERROR(R7/X7*$D7,"") -> 0 | L7: =IFERROR(S7/Y7*$D7,"") -> 0 | M7: =IFERROR(T7/Z7*$D7,"") -> 0 | N7: =IFERROR(U7/AA7*$D7,"") -> 0 | O7: =IFERROR(V7/AB7*$D7,"") -> 0 | P7: =IFERROR(W7/AC7*$D7,"") -> 0 | Q7: 90 | R7: 0 | S7: 0 | T7: 0 | U7: 0 | V7: 0 | W7: 0 | X7: =AD7*($Q7/100) -> 4348.8 | Y7: =AE7*($Q7/100) -> 4095 | Z7: =AF7*($Q7/100) -> 4336.11 | AA7: =AG7*($Q7/100) -> 4329.27 | AB7: =AH7*($Q7/100) -> 4328.64 | AC7: =AI7*($Q7/100) -> 4367.25 | AD7: 4832 | AE7: 4550 | AF7: 4817.9 | AG7: 4810.3 | AH7: 4809.6 | AI7: 4852.5 | AJ7: 0 | AK7: 0 | AL7: 0 | AM7: 0 | AN7: 0 | AO7: 0 | AP7: =IFERROR(VLOOKUP(C7,'2_LN_DadosExportados'!V:V,1,FALSE),"") | AQ7: {=IF(AND(ISERR(FIND("sim",INDEX('existencia de wc'!K$2:K$193,MATCH('3_Industrial_Plan_Idash'!C7,'existencia de wc'!B$2:B$192,0))))=FALSE,SUMPRODUCT(('2_LN_DadosExportados'!V$2:V$314='3_Industrial_Plan_Idash'!C7)*('2_LN_DadosExportados'!A$2:A$314="X"))>0), "MOSTRAR","")}
A8: =IF(OR(E8>=D8,F8>=D8,G8>=D8,H8>=D8,I8>=D8,J8>=D8),"INVEST","OK") -> OK | B8: HOR-0310 | C8: WC - Fer Eletro Furo Rápido | D8: 1 | E8: =IFERROR(((SUMIFS('2_LN_DadosExportados'!AL:AL,'2_LN_DadosExportados'!$V:$V,$C8,'2_LN_DadosExportados'!$A:$A,"X")+R8)/X8)*$D8,"") -> 0 | F8: =IFERROR(((SUMIFS('2_LN_DadosExportados'!AM:AM,'2_LN_DadosExportados'!$V:$V,$C8,'2_LN_DadosExportados'!$A:$A,"X")+S8)/Y8)*$D8,"") -> 0 | G8: =IFERROR(((SUMIFS('2_LN_DadosExportados'!AN:AN,'2_LN_DadosExportados'!$V:$V,$C8,'2_LN_DadosExportados'!$A:$A,"X")+T8)/Z8)*$D8,"") -> 0 | H8: =IFERROR(((SUMIFS('2_LN_DadosExportados'!AO:AO,'2_LN_DadosExportados'!$V:$V,$C8,'2_LN_DadosExportados'!$A:$A,"X")+U8)/AA8)*$D8,"") -> 0 | I8: =IFERROR(((SUMIFS('2_LN_DadosExportados'!AP:AP,'2_LN_DadosExportados'!$V:$V,$C8,'2_LN_DadosExportados'!$A:$A,"X")+V8)/AB8)*$D8,"") -> 0 | J8: =IFERROR(((SUMIFS('2_LN_DadosExportados'!AQ:AQ,'2_LN_DadosExportados'!$V:$V,$C8,'2_LN_DadosExportados'!$A:$A,"X")+W8)/AC8)*$D8,"") -> 0 | K8: =IFERROR(R8/X8*$D8,"") -> 0 | L8: =IFERROR(S8/Y8*$D8,"") -> 0 | M8: =IFERROR(T8/Z8*$D8,"") -> 0 | N8: =IFERROR(U8/AA8*$D8,"") -> 0 | O8: =IFERROR(V8/AB8*$D8,"") -> 0 | P8: =IFERROR(W8/AC8*$D8,"") -> 0 | Q8: 90 | R8: 0 | S8: 0 | T8: 0 | U8: 0 | V8: 0 | W8: 0 | X8: =AD8*($Q8/100) -> 4348.8 | Y8: =AE8*($Q8/100) -> 4095 | Z8: =AF8*($Q8/100) -> 4336.11 | AA8: =AG8*($Q8/100) -> 4329.27 | AB8: =AH8*($Q8/100) -> 4328.64 | AC8: =AI8*($Q8/100) -> 4367.25 | AD8: 4832 | AE8: 4550 | AF8: 4817.9 | AG8: 4810.3 | AH8: 4809.6 | AI8: 4852.5 | AJ8: 0 | AK8: 0 | AL8: 0 | AM8: 0 | AN8: 0 | AO8: 0 | AP8: =IFERROR(VLOOKUP(C8,'2_LN_DadosExportados'!V:V,1,FALSE),"") | AQ8: {=IF(AND(ISERR(FIND("sim",INDEX('existencia de wc'!K$2:K$193,MATCH('3_Industrial_Plan_Idash'!C8,'existencia de wc'!B$2:B$192,0))))=FALSE,SUMPRODUCT(('2_LN_DadosExportados'!V$2:V$314='3_Industrial_Plan_Idash'!C8)*('2_LN_DadosExportados'!A$2:A$314="X"))>0), "MOSTRAR","")}
A9: =IF(OR(E9>=D9,F9>=D9,G9>=D9,H9>=D9,I9>=D9,J9>=D9),"INVEST","OK") -> OK | B9: HOR-0311 | C9: WC - Fer Penet Form P600 | D9: 1 | E9: =IFERROR(((SUMIFS('2_LN_DadosExportados'!AL:AL,'2_LN_DadosExportados'!$V:$V,$C9,'2_LN_DadosExportados'!$A:$A,"X")+R9)/X9)*$D9,"") -> 0 | F9: =IFERROR(((SUMIFS('2_LN_DadosExportados'!AM:AM,'2_LN_DadosExportados'!$V:$V,$C9,'2_LN_DadosExportados'!$A:$A,"X")+S9)/Y9)*$D9,"") -> 0 | G9: =IFERROR(((SUMIFS('2_LN_DadosExportados'!AN:AN,'2_LN_DadosExportados'!$V:$V,$C9,'2_LN_DadosExportados'!$A:$A,"X")+T9)/Z9)*$D9,"") -> 0 | H9: =IFERROR(((SUMIFS('2_LN_DadosExportados'!AO:AO,'2_LN_DadosExportados'!$V:$V,$C9,'2_LN_DadosExportados'!$A:$A,"X")+U9)/AA9)*$D9,"") -> 0 | I9: =IFERROR(((SUMIFS('2_LN_DadosExportados'!AP:AP,'2_LN_DadosExportados'!$V:$V,$C9,'2_LN_DadosExportados'!$A:$A,"X")+V9)/AB9)*$D9,"") -> 0 | J9: =IFERROR(((SUMIFS('2_LN_DadosExportados'!AQ:AQ,'2_LN_DadosExportados'!$V:$V,$C9,'2_LN_DadosExportados'!$A:$A,"X")+W9)/AC9)*$D9,"") -> 0 | K9: =IFERROR(R9/X9*$D9,"") -> 0 | L9: =IFERROR(S9/Y9*$D9,"") -> 0 | M9: =IFERROR(T9/Z9*$D9,"") -> 0 | N9: =IFERROR(U9/AA9*$D9,"") -> 0 | O9: =IFERROR(V9/AB9*$D9,"") -> 0 | P9: =IFERROR(W9/AC9*$D9,"") -> 0 | Q9: 90 | R9: 0 | S9: 0 | T9: 0 | U9: 0 | V9: 0 | W9: 0 | X9: =AD9*($Q9/100) -> 4348.8 | Y9: =AE9*($Q9/100) -> 4095 | Z9: =AF9*($Q9/100) -> 4336.11 | AA9: =AG9*($Q9/100) -> 4329.27 | AB9: =AH9*($Q9/100) -> 4328.64 | AC9: =AI9*($Q9/100) -> 4367.25 | AD9: 4832 | AE9: 4550 | AF9: 4817.9 | AG9: 4810.3 | AH9: 4809.6 | AI9: 4852.5 | AJ9: 0 | AK9: 0 | AL9: 0 | AM9: 0 | AN9: 0 | AO9: 0 | AP9: =IFERROR(VLOOKUP(C9,'2_LN_DadosExportados'!V:V,1,FALSE),"") | AQ9: {=IF(AND(ISERR(FIND("sim",INDEX('existencia de wc'!K$2:K$193,MATCH('3_Industrial_Plan_Idash'!C9,'existencia de wc'!B$2:B$192,0))))=FALSE,SUMPRODUCT(('2_LN_DadosExportados'!V$2:V$314='3_Industrial_Plan_Idash'!C9)*('2_LN_DadosExportados'!A$2:A$314="X"))>0), "MOSTRAR","")}
A10: =IF(OR(E10>=D10,F10>=D10,G10>=D10,H10>=D10,I10>=D10,J10>=D10),"INVEST","OK") -> OK | B10: HOR-0313 | C10: WC - Fer Penetração Hiper Sp | D10: 1 | E10: =IFERROR(((SUMIFS('2_LN_DadosExportados'!AL:AL,'2_LN_DadosExportados'!$V:$V,$C10,'2_LN_DadosExportados'!$A:$A,"X")+R10)/X10)*$D10,"") -> 0 | F10: =IFERROR(((SUMIFS('2_LN_DadosExportados'!AM:AM,'2_LN_DadosExportados'!$V:$V,$C10,'2_LN_DadosExportados'!$A:$A,"X")+S10)/Y10)*$D10,"") -> 0 | G10: =IFERROR(((SUMIFS('2_LN_DadosExportados'!AN:AN,'2_LN_DadosExportados'!$V:$V,$C10,'2_LN_DadosExportados'!$A:$A,"X")+T10)/Z10)*$D10,"") -> 0 | H10: =IFERROR(((SUMIFS('2_LN_DadosExportados'!AO:AO,'2_LN_DadosExportados'!$V:$V,$C10,'2_LN_DadosExportados'!$A:$A,"X")+U10)/AA10)*$D10,"") -> 0 | I10: =IFERROR(((SUMIFS('2_LN_DadosExportados'!AP:AP,'2_LN_DadosExportados'!$V:$V,$C10,'2_LN_DadosExportados'!$A:$A,"X")+V10)/AB10)*$D10,"") -> 0 | J10: =IFERROR(((SUMIFS('2_LN_DadosExportados'!AQ:AQ,'2_LN_DadosExportados'!$V:$V,$C10,'2_LN_DadosExportados'!$A:$A,"X")+W10)/AC10)*$D10,"") -> 0 | K10: =IFERROR(R10/X10*$D10,"") -> 0 | L10: =IFERROR(S10/Y10*$D10,"") -> 0 | M10: =IFERROR(T10/Z10*$D10,"") -> 0 | N10: =IFERROR(U10/AA10*$D10,"") -> 0 | O10: =IFERROR(V10/AB10*$D10,"") -> 0 | P10: =IFERROR(W10/AC10*$D10,"") -> 0 | Q10: 90 | R10: 0 | S10: 0 | T10: 0 | U10: 0 | V10: 0 | W10: 0 | X10: =AD10*($Q10/100) -> 4348.8 | Y10: =AE10*($Q10/100) -> 4095 | Z10: =AF10*($Q10/100) -> 4336.11 | AA10: =AG10*($Q10/100) -> 4329.27 | AB10: =AH10*($Q10/100) -> 4328.64 | AC10: =AI10*($Q10/100) -> 4367.25 | AD10: 4832 | AE10: 4550 | AF10: 4817.9 | AG10: 4810.3 | AH10: 4809.6 | AI10: 4852.5 | AJ10: 0 | AK10: 0 | AL10: 0 | AM10: 0 | AN10: 0 | AO10: 0 | AP10: =IFERROR(VLOOKUP(C10,'2_LN_DadosExportados'!V:V,1,FALSE),"") | AQ10: {=IF(AND(ISERR(FIND("sim",INDEX('existencia de wc'!K$2:K$193,MATCH('3_Industrial_Plan_Idash'!C10,'existencia de wc'!B$2:B$192,0))))=FALSE,SUMPRODUCT(('2_LN_DadosExportados'!V$2:V$314='3_Industrial_Plan_Idash'!C10)*('2_LN_DadosExportados'!A$2:A$314="X"))>0), "MOSTRAR","")}
A11: =IF(OR(E11>=D11,F11>=D11,G11>=D11,H11>=D11,I11>=D11,J11>=D11),"INVEST","OK") -> OK | B11: HOR-0314 | C11: WC - Fer Penetração Form 20 | D11: 1 | E11: =IFERROR(((SUMIFS('2_LN_DadosExportados'!AL:AL,'2_LN_DadosExportados'!$V:$V,$C11,'2_LN_DadosExportados'!$A:$A,"X")+R11)/X11)*$D11,"") -> 0 | F11: =IFERROR(((SUMIFS('2_LN_DadosExportados'!AM:AM,'2_LN_DadosExportados'!$V:$V,$C11,'2_LN_DadosExportados'!$A:$A,"X")+S11)/Y11)*$D11,"") -> 0 | G11: =IFERROR(((SUMIFS('2_LN_DadosExportados'!AN:AN,'2_LN_DadosExportados'!$V:$V,$C11,'2_LN_DadosExportados'!$A:$A,"X")+T11)/Z11)*$D11,"") -> 0 | H11: =IFERROR(((SUMIFS('2_LN_DadosExportados'!AO:AO,'2_LN_DadosExportados'!$V:$V,$C11,'2_LN_DadosExportados'!$A:$A,"X")+U11)/AA11)*$D11,"") -> 0 | I11: =IFERROR(((SUMIFS('2_LN_DadosExportados'!AP:AP,'2_LN_DadosExportados'!$V:$V,$C11,'2_LN_DadosExportados'!$A:$A,"X")+V11)/AB11)*$D11,"") -> 0 | J11: =IFERROR(((SUMIFS('2_LN_DadosExportados'!AQ:AQ,'2_LN_DadosExportados'!$V:$V,$C11,'2_LN_DadosExportados'!$A:$A,"X")+W11)/AC11)*$D11,"") -> 0 | K11: =IFERROR(R11/X11*$D11,"") -> 0 | L11: =IFERROR(S11/Y11*$D11,"") -> 0 | M11: =IFERROR(T11/Z11*$D11,"") -> 0 | N11: =IFERROR(U11/AA11*$D11,"") -> 0 | O11: =IFERROR(V11/AB11*$D11,"") -> 0 | P11: =IFERROR(W11/AC11*$D11,"") -> 0 | Q11: 90 | R11: 0 | S11: 0 | T11: 0 | U11: 0 | V11: 0 | W11: 0 | X11: =AD11*($Q11/100) -> 4348.8 | Y11: =AE11*($Q11/100) -> 4095 | Z11: =AF11*($Q11/100) -> 4336.11 | AA11: =AG11*($Q11/100) -> 4329.27 | AB11: =AH11*($Q11/100) -> 4328.64 | AC11: =AI11*($Q11/100) -> 4367.25 | AD11: 4832 | AE11: 4550 | AF11: 4817.9 | AG11: 4810.3 | AH11: 4809.6 | AI11: 4852.5 | AJ11: 0 | AK11: 0 | AL11: 0 | AM11: 0 | AN11: 0 | AO11: 0 | AP11: =IFERROR(VLOOKUP(C11,'2_LN_DadosExportados'!V:V,1,FALSE),"") | AQ11: {=IF(AND(ISERR(FIND("sim",INDEX('existencia de wc'!K$2:K$193,MATCH('3_Industrial_Plan_Idash'!C11,'existencia de wc'!B$2:B$192,0))))=FALSE,SUMPRODUCT(('2_LN_DadosExportados'!V$2:V$314='3_Industrial_Plan_Idash'!C11)*('2_LN_DadosExportados'!A$2:A$314="X"))>0), "MOSTRAR","")}
A12: =IF(OR(E12>=D12,F12>=D12,G12>=D12,H12>=D12,I12>=D12,J12>=D12),"INVEST","OK") -> OK | B12: HOR-0315 | C12: WC - Fer Fio Progress | D12: 1 | E12: =IFERROR(((SUMIFS('2_LN_DadosExportados'!AL:AL,'2_LN_DadosExportados'!$V:$V,$C12,'2_LN_DadosExportados'!$A:$A,"X")+R12)/X12)*$D12,"") -> 0 | F12: =IFERROR(((SUMIFS('2_LN_DadosExportados'!AM:AM,'2_LN_DadosExportados'!$V:$V,$C12,'2_LN_DadosExportados'!$A:$A,"X")+S12)/Y12)*$D12,"") -> 0 | G12: =IFERROR(((SUMIFS('2_LN_DadosExportados'!AN:AN,'2_LN_DadosExportados'!$V:$V,$C12,'2_LN_DadosExportados'!$A:$A,"X")+T12)/Z12)*$D12,"") -> 0 | H12: =IFERROR(((SUMIFS('2_LN_DadosExportados'!AO:AO,'2_LN_DadosExportados'!$V:$V,$C12,'2_LN_DadosExportados'!$A:$A,"X")+U12)/AA12)*$D12,"") -> 0 | I12: =IFERROR(((SUMIFS('2_LN_DadosExportados'!AP:AP,'2_LN_DadosExportados'!$V:$V,$C12,'2_LN_DadosExportados'!$A:$A,"X")+V12)/AB12)*$D12,"") -> 0 | J12: =IFERROR(((SUMIFS('2_LN_DadosExportados'!AQ:AQ,'2_LN_DadosExportados'!$V:$V,$C12,'2_LN_DadosExportados'!$A:$A,"X")+W12)/AC12)*$D12,"") -> 0 | K12: =IFERROR(R12/X12*$D12,"") -> 0 | L12: =IFERROR(S12/Y12*$D12,"") -> 0 | M12: =IFERROR(T12/Z12*$D12,"") -> 0 | N12: =IFERROR(U12/AA12*$D12,"") -> 0 | O12: =IFERROR(V12/AB12*$D12,"") -> 0 | P12: =IFERROR(W12/AC12*$D12,"") -> 0 | Q12: 90 | R12: 0 | S12: 0 | T12: 0 | U12: 0 | V12: 0 | W12: 0 | X12: =AD12*($Q12/100) -> 4348.8 | Y12: =AE12*($Q12/100) -> 4095 | Z12: =AF12*($Q12/100) -> 4336.11 | AA12: =AG12*($Q12/100) -> 4329.27 | AB12: =AH12*($Q12/100) -> 4328.64 | AC12: =AI12*($Q12/100) -> 4367.25 | AD12: 4832 | AE12: 4550 | AF12: 4817.9 | AG12: 4810.3 | AH12: 4809.6 | AI12: 4852.5 | AJ12: 0 | AK12: 0 | AL12: 0 | AM12: 0 | AN12: 0 | AO12: 0 | AP12: =IFERROR(VLOOKUP(C12,'2_LN_DadosExportados'!V:V,1,FALSE),"") | AQ12: {=IF(AND(ISERR(FIND("sim",INDEX('existencia de wc'!K$2:K$193,MATCH('3_Industrial_Plan_Idash'!C12,'existencia de wc'!B$2:B$192,0))))=FALSE,SUMPRODUCT(('2_LN_DadosExportados'!V$2:V$314='3_Industrial_Plan_Idash'!C12)*('2_LN_DadosExportados'!A$2:A$314="X"))>0), "MOSTRAR","")}
A13: =IF(OR(E13>=D13,F13>=D13,G13>=D13,H13>=D13,I13>=D13,J13>=D13),"INVEST","OK") -> OK | B13: HOR-0350 | C13: WC - Fer Bancada/Polimento | D13: 2 | E13: =IFERROR(((SUMIFS('2_LN_DadosExportados'!AL:AL,'2_LN_DadosExportados'!$V:$V,$C13,'2_LN_DadosExportados'!$A:$A,"X")+R13)/X13)*$D13,"") -> 0 | F13: =IFERROR(((SUMIFS('2_LN_DadosExportados'!AM:AM,'2_LN_DadosExportados'!$V:$V,$C13,'2_LN_DadosExportados'!$A:$A,"X")+S13)/Y13)*$D13,"") -> 0 | G13: =IFERROR(((SUMIFS('2_LN_DadosExportados'!AN:AN,'2_LN_DadosExportados'!$V:$V,$C13,'2_LN_DadosExportados'!$A:$A,"X")+T13)/Z13)*$D13,"") -> 0 | H13: =IFERROR(((SUMIFS('2_LN_DadosExportados'!AO:AO,'2_LN_DadosExportados'!$V:$V,$C13,'2_LN_DadosExportados'!$A:$A,"X")+U13)/AA13)*$D13,"") -> 0 | I13: =IFERROR(((SUMIFS('2_LN_DadosExportados'!AP:AP,'2_LN_DadosExportados'!$V:$V,$C13,'2_LN_DadosExportados'!$A:$A,"X")+V13)/AB13)*$D13,"") -> 0 | J13: =IFERROR(((SUMIFS('2_LN_DadosExportados'!AQ:AQ,'2_LN_DadosExportados'!$V:$V,$C13,'2_LN_DadosExportados'!$A:$A,"X")+W13)/AC13)*$D13,"") -> 0 | K13: =IFERROR(R13/X13*$D13,"") -> 0 | L13: =IFERROR(S13/Y13*$D13,"") -> 0 | M13: =IFERROR(T13/Z13*$D13,"") -> 0 | N13: =IFERROR(U13/AA13*$D13,"") -> 0 | O13: =IFERROR(V13/AB13*$D13,"") -> 0 | P13: =IFERROR(W13/AC13*$D13,"") -> 0 | Q13: 90 | R13: 0 | S13: 0 | T13: 0 | U13: 0 | V13: 0 | W13: 0 | X13: =AD13*($Q13/100) -> 8697.6 | Y13: =AE13*($Q13/100) -> 8190 | Z13: =AF13*($Q13/100) -> 8672.22 | AA13: =AG13*($Q13/100) -> 8658.54 | AB13: =AH13*($Q13/100) -> 8657.28 | AC13: =AI13*($Q13/100) -> 8734.5 | AD13: 9664 | AE13: 9100 | AF13: 9635.8 | AG13: 9620.6 | AH13: 9619.2 | AI13: 9705 | AJ13: 0 | AK13: 0 | AL13: 0 | AM13: 0 | AN13: 0 | AO13: 0 | AP13: =IFERROR(VLOOKUP(C13,'2_LN_DadosExportados'!V:V,1,FALSE),"") | AQ13: {=IF(AND(ISERR(FIND("sim",INDEX('existencia de wc'!K$2:K$193,MATCH('3_Industrial_Plan_Idash'!C13,'existencia de wc'!B$2:B$192,0))))=FALSE,SUMPRODUCT(('2_LN_DadosExportados'!V$2:V$314='3_Industrial_Plan_Idash'!C13)*('2_LN_DadosExportados'!A$2:A$314="X"))>0), "MOSTRAR","")}
A14: =IF(OR(E14>=D14,F14>=D14,G14>=D14,H14>=D14,I14>=D14,J14>=D14),"INVEST","OK") -> OK | B14: HOR-0380 | C14: WC - Fer Forno Engefor | D14: 2 | E14: =IFERROR(((SUMIFS('2_LN_DadosExportados'!AL:AL,'2_LN_DadosExportados'!$V:$V,$C14,'2_LN_DadosExportados'!$A:$A,"X")+R14)/X14)*$D14,"") -> 0 | F14: =IFERROR(((SUMIFS('2_LN_DadosExportados'!AM:AM,'2_LN_DadosExportados'!$V:$V,$C14,'2_LN_DadosExportados'!$A:$A,"X")+S14)/Y14)*$D14,"") -> 0 | G14: =IFERROR(((SUMIFS('2_LN_DadosExportados'!AN:AN,'2_LN_DadosExportados'!$V:$V,$C14,'2_LN_DadosExportados'!$A:$A,"X")+T14)/Z14)*$D14,"") -> 0 | H14: =IFERROR(((SUMIFS('2_LN_DadosExportados'!AO:AO,'2_LN_DadosExportados'!$V:$V,$C14,'2_LN_DadosExportados'!$A:$A,"X")+U14)/AA14)*$D14,"") -> 0 | I14: =IFERROR(((SUMIFS('2_LN_DadosExportados'!AP:AP,'2_LN_DadosExportados'!$V:$V,$C14,'2_LN_DadosExportados'!$A:$A,"X")+V14)/AB14)*$D14,"") -> 0 | J14: =IFERROR(((SUMIFS('2_LN_DadosExportados'!AQ:AQ,'2_LN_DadosExportados'!$V:$V,$C14,'2_LN_DadosExportados'!$A:$A,"X")+W14)/AC14)*$D14,"") -> 0 | K14: =IFERROR(R14/X14*$D14,"") -> 0 | L14: =IFERROR(S14/Y14*$D14,"") -> 0 | M14: =IFERROR(T14/Z14*$D14,"") -> 0 | N14: =IFERROR(U14/AA14*$D14,"") -> 0 | O14: =IFERROR(V14/AB14*$D14,"") -> 0 | P14: =IFERROR(W14/AC14*$D14,"") -> 0 | Q14: 90 | R14: 0 | S14: 0 | T14: 0 | U14: 0 | V14: 0 | W14: 0 | X14: =AD14*($Q14/100) -> 8697.6 | Y14: =AE14*($Q14/100) -> 8190 | Z14: =AF14*($Q14/100) -> 8672.22 | AA14: =AG14*($Q14/100) -> 8658.54 | AB14: =AH14*($Q14/100) -> 8657.28 | AC14: =AI14*($Q14/100) -> 8734.5 | AD14: 9664 | AE14: 9100 | AF14: 9635.8 | AG14: 9620.6 | AH14: 9619.2 | AI14: 9705 | AJ14: 0 | AK14: 0 | AL14: 0 | AM14: 0 | AN14: 0 | AO14: 0 | AP14: =IFERROR(VLOOKUP(C14,'2_LN_DadosExportados'!V:V,1,FALSE),"") | AQ14: {=IF(AND(ISERR(FIND("sim",INDEX('existencia de wc'!K$2:K$193,MATCH('3_Industrial_Plan_Idash'!C14,'existencia de wc'!B$2:B$192,0))))=FALSE,SUMPRODUCT(('2_LN_DadosExportados'!V$2:V$314='3_Industrial_Plan_Idash'!C14)*('2_LN_DadosExportados'!A$2:A$314="X"))>0), "MOSTRAR","")}
A15: =IF(OR(E15>=D15,F15>=D15,G15>=D15,H15>=D15,I15>=D15,J15>=D15),"INVEST","OK") -> OK | B15: HOR-0600 | C15: WC - Fer Ret Cil J&Ship 1300X | D15: 1 | E15: =IFERROR(((SUMIFS('2_LN_DadosExportados'!AL:AL,'2_LN_DadosExportados'!$V:$V,$C15,'2_LN_DadosExportados'!$A:$A,"X")+R15)/X15)*$D15,"") -> 0 | F15: =IFERROR(((SUMIFS('2_LN_DadosExportados'!AM:AM,'2_LN_DadosExportados'!$V:$V,$C15,'2_LN_DadosExportados'!$A:$A,"X")+S15)/Y15)*$D15,"") -> 0 | G15: =IFERROR(((SUMIFS('2_LN_DadosExportados'!AN:AN,'2_LN_DadosExportados'!$V:$V,$C15,'2_LN_DadosExportados'!$A:$A,"X")+T15)/Z15)*$D15,"") -> 0 | H15: =IFERROR(((SUMIFS('2_LN_DadosExportados'!AO:AO,'2_LN_DadosExportados'!$V:$V,$C15,'2_LN_DadosExportados'!$A:$A,"X")+U15)/AA15)*$D15,"") -> 0 | I15: =IFERROR(((SUMIFS('2_LN_DadosExportados'!AP:AP,'2_LN_DadosExportados'!$V:$V,$C15,'2_LN_DadosExportados'!$A:$A,"X")+V15)/AB15)*$D15,"") -> 0 | J15: =IFERROR(((SUMIFS('2_LN_DadosExportados'!AQ:AQ,'2_LN_DadosExportados'!$V:$V,$C15,'2_LN_DadosExportados'!$A:$A,"X")+W15)/AC15)*$D15,"") -> 0 | K15: =IFERROR(R15/X15*$D15,"") -> 0 | L15: =IFERROR(S15/Y15*$D15,"") -> 0 | M15: =IFERROR(T15/Z15*$D15,"") -> 0 | N15: =IFERROR(U15/AA15*$D15,"") -> 0 | O15: =IFERROR(V15/AB15*$D15,"") -> 0 | P15: =IFERROR(W15/AC15*$D15,"") -> 0 | Q15: 90 | R15: 0 | S15: 0 | T15: 0 | U15: 0 | V15: 0 | W15: 0 | X15: =AD15*($Q15/100) -> 4348.8 | Y15: =AE15*($Q15/100) -> 4095 | Z15: =AF15*($Q15/100) -> 4336.11 | AA15: =AG15*($Q15/100) -> 4329.27 | AB15: =AH15*($Q15/100) -> 4328.64 | AC15: =AI15*($Q15/100) -> 4367.25 | AD15: 4832 | AE15: 4550 | AF15: 4817.9 | AG15: 4810.3 | AH15: 4809.6 | AI15: 4852.5 | AJ15: 0 | AK15: 0 | AL15: 0 | AM15: 0 | AN15: 0 | AO15: 0 | AP15: =IFERROR(VLOOKUP(C15,'2_LN_DadosExportados'!V:V,1,FALSE),"") | AQ15: {=IF(AND(ISERR(FIND("sim",INDEX('existencia de wc'!K$2:K$193,MATCH('3_Industrial_Plan_Idash'!C15,'existencia de wc'!B$2:B$192,0))))=FALSE,SUMPRODUCT(('2_LN_DadosExportados'!V$2:V$314='3_Industrial_Plan_Idash'!C15)*('2_LN_DadosExportados'!A$2:A$314="X"))>0), "MOSTRAR","")}
... A27: =IF(OR(E27>=D27,F27>=D27,G27>=D27,H27>=D27,I27>=D27,J27>=D27),"INVEST","OK") -> INVEST | B27: HOR-2160 | C27: WC - Com 150 ton Yoshi 2 | D27: 1 | E27: =IFERROR(((SUMIFS('2_LN_DadosExportados'!AL:AL,'2_LN_DadosExportados'!$V:$V,$C27,'2_LN_DadosExportados'!$A:$A,"X")+R27)/X27)*$D27,"") -> 1.1392913 | F27: =IFERROR(((SUMIFS('2_LN_DadosExportados'!AM:AM,'2_LN_DadosExportados'!$V:$V,$C27,'2_LN_DadosExportados'!$A:$A,"X")+S27)/Y27)*$D27,"") -> 0.89335418 | G27: =IFERROR(((SUMIFS('2_LN_DadosExportados'!AN:AN,'2_LN_DadosExportados'!$V:$V,$C27,'2_LN_DadosExportados'!$A:$A,"X")+T27)/Z27)*$D27,"") -> 0.77659523 | H27: =IFERROR(((SUMIFS('2_LN_DadosExportados'!AO:AO,'2_LN_DadosExportados'!$V:$V,$C27,'2_LN_DadosExportados'!$A:$A,"X")+U27)/AA27)*$D27,"") -> 0.74730986 | I27: =IFERROR(((SUMIFS('2_LN_DadosExportados'!AP:AP,'2_LN_DadosExportados'!$V:$V,$C27,'2_LN_DadosExportados'!$A:$A,"X")+V27)/AB27)*$D27,"") -> 0.72280052 | J27: =IFERROR(((SUMIFS('2_LN_DadosExportados'!AQ:AQ,'2_LN_DadosExportados'!$V:$V,$C27,'2_LN_DadosExportados'!$A:$A,"X")+W27)/AC27)*$D27,"") -> 0.69737947 | K27: =IFERROR(R27/X27*$D27,"") -> 1.1392913 | L27: =IFERROR(S27/Y27*$D27,"") -> 0.89335418 | M27: =IFERROR(T27/Z27*$D27,"") -> 0.77659523 | N27: =IFERROR(U27/AA27*$D27,"") -> 0.74730986 | O27: =IFERROR(V27/AB27*$D27,"") -> 0.72280052 | P27: =IFERROR(W27/AC27*$D27,"") -> 0.69737947 | Q27: 65 | R27: 3207.35 | S27: 2511.5 | T27: 2423.28 | U27: 2336.61 | V27: 2251.52 | W27: 2191.78 | X27: =AD27*($Q27/100) -> 2815.215 | Y27: =AE27*($Q27/100) -> 2811.315 | Z27: =AF27*($Q27/100) -> 3120.39 | AA27: =AG27*($Q27/100) -> 3126.695 | AB27: =AH27*($Q27/100) -> 3114.995 | AC27: =AI27*($Q27/100) -> 3142.88 | AD27: 4331.1 | AE27: 4325.1 | AF27: 4800.6 | AG27: 4810.3 | AH27: 4792.3 | AI27: 4835.2 | AJ27: 8181781 | AK27: 5655789 | AL27: 5575131 | AM27: 5494477 | AN27: 5413819 | AO27: 5373489 | AP27: =IFERROR(VLOOKUP(C27,'2_LN_DadosExportados'!V:V,1,FALSE),"") | AQ27: {=IF(AND(ISERR(FIND("sim",INDEX('existencia de wc'!K$2:K$193,MATCH('3_Industrial_Plan_Idash'!C27,'existencia de wc'!B$2:B$192,0))))=FALSE,SUMPRODUCT(('2_LN_DadosExportados'!V$2:V$314='3_Industrial_Plan_Idash'!C27)*('2_LN_DadosExportados'!A$2:A$314="X"))>0), "MOSTRAR","")}
A28: =IF(OR(E28>=D28,F28>=D28,G28>=D28,H28>=D28,I28>=D28,J28>=D28),"INVEST","OK") -> INVEST | B28: HOR-2161 | C28: WC - Com AP150 ton SACMI 1/2 | D28: 2 | E28: =IFERROR(((SUMIFS('2_LN_DadosExportados'!AL:AL,'2_LN_DadosExportados'!$V:$V,$C28,'2_LN_DadosExportados'!$A:$A,"X")+R28)/X28)*$D28,"") -> 1.7175527 | F28: =IFERROR(((SUMIFS('2_LN_DadosExportados'!AM:AM,'2_LN_DadosExportados'!$V:$V,$C28,'2_LN_DadosExportados'!$A:$A,"X")+S28)/Y28)*$D28,"") | G28: =IFERROR(((SUMIFS('2_LN_DadosExportados'!AN:AN,'2_LN_DadosExportados'!$V:$V,$C28,'2_LN_DadosExportados'!$A:$A,"X")+T28)/Z28)*$D28,"") -> 1.5335359 | H28: =IFERROR(((SUMIFS('2_LN_DadosExportados'!AO:AO,'2_LN_DadosExportados'!$V:$V,$C28,'2_LN_DadosExportados'!$A:$A,"X")+U28)/AA28)*$D28,"") -> 1.5700252 | I28: =IFERROR(((SUMIFS('2_LN_DadosExportados'!AP:AP,'2_LN_DadosExportados'!$V:$V,$C28,'2_LN_DadosExportados'!$A:$A,"X")+V28)/AB28)*$D28,"") -> 1.6440508 | J28: =IFERROR(((SUMIFS('2_LN_DadosExportados'!AQ:AQ,'2_LN_DadosExportados'!$V:$V,$C28,'2_LN_DadosExportados'!$A:$A,"X")+W28)/AC28)*$D28,"") -> 1.6528853 | K28: =IFERROR(R28/X28*$D28,"") -> 1.7175527 | L28: =IFERROR(S28/Y28*$D28,"") | M28: =IFERROR(T28/Z28*$D28,"") -> 1.5335359 | N28: =IFERROR(U28/AA28*$D28,"") -> 1.5700252 | O28: =IFERROR(V28/AB28*$D28,"") -> 1.6440508 | P28: =IFERROR(W28/AC28*$D28,"") -> 1.6528853 | Q28: 65 | R28: 4835.28 | S28: =4355.95+'1_RFQ_DadosVendas'!#REF! -> #REF! | T28: =4685.23+100 -> 4785.23 | U28: 4908.99 | V28: 5121.21 | W28: 5194.82 | X28: =AD28*($Q28/100) -> 5630.43 | Y28: =AE28*($Q28/100) -> 5622.63 | Z28: =AF28*($Q28/100) -> 6240.78 | AA28: =AG28*($Q28/100) -> 6253.39 | AB28: =AH28*($Q28/100) -> 6229.99 | AC28: =AI28*($Q28/100) -> 6285.76 | AD28: 8662.2 | AE28: 8650.2 | AF28: 9601.2 | AG28: 9620.6 | AH28: 9584.6 | AI28: 9670.4 | AJ28: 3794678 | AK28: 3344041 | AL28: 3591114 | AM28: 3788571 | AN28: 3984658 | AO28: 4089528 | AP28: =IFERROR(VLOOKUP(C28,'2_LN_DadosExportados'!V:V,1,FALSE),"") | AQ28: {=IF(AND(ISERR(FIND("sim",INDEX('existencia de wc'!K$2:K$193,MATCH('3_Industrial_Plan_Idash'!C28,'existencia de wc'!B$2:B$192,0))))=FALSE,SUMPRODUCT(('2_LN_DadosExportados'!V$2:V$314='3_Industrial_Plan_Idash'!C28)*('2_LN_DadosExportados'!A$2:A$314="X"))>0), "MOSTRAR","")}
A29: =IF(OR(E29>=D29,F29>=D29,G29>=D29,H29>=D29,I29>=D29,J29>=D29),"INVEST","OK") -> OK | B29: HOR-2170 | C29: WC - Com 200 ton Yoshi | D29: 1 | E29: =IFERROR(((SUMIFS('2_LN_DadosExportados'!AL:AL,'2_LN_DadosExportados'!$V:$V,$C29,'2_LN_DadosExportados'!$A:$A,"X")+R29)/X29)*$D29,"") -> 0.3951652 | F29: =IFERROR(((SUMIFS('2_LN_DadosExportados'!AM:AM,'2_LN_DadosExportados'!$V:$V,$C29,'2_LN_DadosExportados'!$A:$A,"X")+S29)/Y29)*$D29,"") -> 0.45117261 | G29: =IFERROR(((SUMIFS('2_LN_DadosExportados'!AN:AN,'2_LN_DadosExportados'!$V:$V,$C29,'2_LN_DadosExportados'!$A:$A,"X")+T29)/Z29)*$D29,"") -> 0.40029024 | H29: =IFERROR(((SUMIFS('2_LN_DadosExportados'!AO:AO,'2_LN_DadosExportados'!$V:$V,$C29,'2_LN_DadosExportados'!$A:$A,"X")+U29)/AA29)*$D29,"") -> 0.3933088 | I29: =IFERROR(((SUMIFS('2_LN_DadosExportados'!AP:AP,'2_LN_DadosExportados'!$V:$V,$C29,'2_LN_DadosExportados'!$A:$A,"X")+V29)/AB29)*$D29,"") -> 0.38858516 | J29: =IFERROR(((SUMIFS('2_LN_DadosExportados'!AQ:AQ,'2_LN_DadosExportados'!$V:$V,$C29,'2_LN_DadosExportados'!$A:$A,"X")+W29)/AC29)*$D29,"") -> 0.37899156 | K29: =IFERROR(R29/X29*$D29,"") -> 0.3951652 | L29: =IFERROR(S29/Y29*$D29,"") -> 0.45117261 | M29: =IFERROR(T29/Z29*$D29,"") -> 0.40029024 | N29: =IFERROR(U29/AA29*$D29,"") -> 0.3933088 | O29: =IFERROR(V29/AB29*$D29,"") -> 0.38858516 | P29: =IFERROR(W29/AC29*$D29,"") -> 0.37899156 | Q29: 60 | R29: 1026.9 | S29: 1170.82 | T29: 1152.98 | U29: 1135.16 | V29: 1117.33 | W29: 1099.5 | X29: =AD29*($Q29/100) -> 2598.66 | Y29: =AE29*($Q29/100) -> 2595.06 | Z29: =AF29*($Q29/100) -> 2880.36 | AA29: =AG29*($Q29/100) -> 2886.18 | AB29: =AH29*($Q29/100) -> 2875.38 | AC29: =AI29*($Q29/100) -> 2901.12 | AD29: 4331.1 | AE29: 4325.1 | AF29: 4800.6 | AG29: 4810.3 | AH29: 4792.3 | AI29: 4835.2 | AJ29: 774700 | AK29: 778049 | AL29: 778049 | AM29: 778049 | AN29: 778049 | AO29: 778049 | AP29: =IFERROR(VLOOKUP(C29,'2_LN_DadosExportados'!V:V,1,FALSE),"") | AQ29: {=IF(AND(ISERR(FIND("sim",INDEX('existencia de wc'!K$2:K$193,MATCH('3_Industrial_Plan_Idash'!C29,'existencia de wc'!B$2:B$192,0))))=FALSE,SUMPRODUCT(('2_LN_DadosExportados'!V$2:V$314='3_Industrial_Plan_Idash'!C29)*('2_LN_DadosExportados'!A$2:A$314="X"))>0), "MOSTRAR","")}
A30: =IF(OR(E30>=D30,F30>=D30,G30>=D30,H30>=D30,I30>=D30,J30>=D30),"INVEST","OK") -> INVEST | B30: HOR-2180 | C30: WC - Com KPP 450 t Osterw 1/2 | D30: 2 | E30: =IFERROR(((SUMIFS('2_LN_DadosExportados'!AL:AL,'2_LN_DadosExportados'!$V:$V,$C30,'2_LN_DadosExportados'!$A:$A,"X")+R30)/X30)*$D30,"") -> 1.6048463 | F30: =IFERROR(((SUMIFS('2_LN_DadosExportados'!AM:AM,'2_LN_DadosExportados'!$V:$V,$C30,'2_LN_DadosExportados'!$A:$A,"X")+S30)/Y30)*$D30,"") | G30: =IFERROR(((SUMIFS('2_LN_DadosExportados'!AN:AN,'2_LN_DadosExportados'!$V:$V,$C30,'2_LN_DadosExportados'!$A:$A,"X")+T30)/Z30)*$D30,"") | H30: =IFERROR(((SUMIFS('2_LN_DadosExportados'!AO:AO,'2_LN_DadosExportados'!$V:$V,$C30,'2_LN_DadosExportados'!$A:$A,"X")+U30)/AA30)*$D30,"") | I30: =IFERROR(((SUMIFS('2_LN_DadosExportados'!AP:AP,'2_LN_DadosExportados'!$V:$V,$C30,'2_LN_DadosExportados'!$A:$A,"X")+V30)/AB30)*$D30,"") | J30: =IFERROR(((SUMIFS('2_LN_DadosExportados'!AQ:AQ,'2_LN_DadosExportados'!$V:$V,$C30,'2_LN_DadosExportados'!$A:$A,"X")+W30)/AC30)*$D30,"") | K30: =IFERROR(R30/X30*$D30,"") -> 1.6048463 | L30: =IFERROR(S30/Y30*$D30,"") | M30: =IFERROR(T30/Z30*$D30,"") | N30: =IFERROR(U30/AA30*$D30,"") | O30: =IFERROR(V30/AB30*$D30,"") | P30: =IFERROR(W30/AC30*$D30,"") | Q30: 60 | R30: 4170.45 | S30: =4936.75-#REF! -> #REF! | T30: =4936.75-#REF! -> #REF! | U30: =4936.75-#REF! -> #REF! | V30: =4936.75-#REF! -> #REF! | W30: =4936.75-#REF! -> #REF! | X30: =AD30*($Q30/100) -> 5197.32 | Y30: =AE30*($Q30/100) -> 5190.12 | Z30: =AF30*($Q30/100) -> 5760.72 | AA30: =AG30*($Q30/100) -> 5772.36 | AB30: =AH30*($Q30/100) -> 5750.76 | AC30: =AI30*($Q30/100) -> 5802.24 | AD30: 8662.2 | AE30: 8650.2 | AF30: 9601.2 | AG30: 9620.6 | AH30: 9584.6 | AI30: 9670.4 | AJ30: 1732534 | AK30: 2040556 | AL30: 2117380 | AM30: 2263911 | AN30: 2407511 | AO30: 2452848 | AP30: =IFERROR(VLOOKUP(C30,'2_LN_DadosExportados'!V:V,1,FALSE),"") -> WC - Com KPP 450 t Osterw 1/2 | AQ30: {=IF(AND(ISERR(FIND("sim",INDEX('existencia de wc'!K$2:K$193,MATCH('3_Industrial_Plan_Idash'!C30,'existencia de wc'!B$2:B$192,0))))=FALSE,SUMPRODUCT(('2_LN_DadosExportados'!V$2:V$314='3_Industrial_Plan_Idash'!C30)*('2_LN_DadosExportados'!A$2:A$314="X"))>0), "MOSTRAR","")}
A31: =IF(OR(E31>=D31,F31>=D31,G31>=D31,H31>=D31,I31>=D31,J31>=D31),"INVEST","OK") -> OK | B31: HOR-3100 | C31: WC - Sin Abbott RapidCool 1/2 | D31: 2 | E31: =IFERROR(((SUMIFS('2_LN_DadosExportados'!AL:AL,'2_LN_DadosExportados'!$V:$V,$C31,'2_LN_DadosExportados'!$A:$A,"X")+R31)/X31)*$D31,"") -> 0.95739841 | F31: =IFERROR(((SUMIFS('2_LN_DadosExportados'!AM:AM,'2_LN_DadosExportados'!$V:$V,$C31,'2_LN_DadosExportados'!$A:$A,"X")+S31)/Y31)*$D31,"") -> 0.89153464 | G31: =IFERROR(((SUMIFS('2_LN_DadosExportados'!AN:AN,'2_LN_DadosExportados'!$V:$V,$C31,'2_LN_DadosExportados'!$A:$A,"X")+T31)/Z31)*$D31,"") -> 0.76089018 | H31: =IFERROR(((SUMIFS('2_LN_DadosExportados'!AO:AO,'2_LN_DadosExportados'!$V:$V,$C31,'2_LN_DadosExportados'!$A:$A,"X")+U31)/AA31)*$D31,"") -> 0.72596915 | I31: =IFERROR(((SUMIFS('2_LN_DadosExportados'!AP:AP,'2_LN_DadosExportados'!$V:$V,$C31,'2_LN_DadosExportados'!$A:$A,"X")+V31)/AB31)*$D31,"") -> 0.69604058 | J31: =IFERROR(((SUMIFS('2_LN_DadosExportados'!AQ:AQ,'2_LN_DadosExportados'!$V:$V,$C31,'2_LN_DadosExportados'!$A:$A,"X")+W31)/AC31)*$D31,"") -> 0.6688938 | K31: =IFERROR(R31/X31*$D31,"") -> 0.95739841 | L31: =IFERROR(S31/Y31*$D31,"") -> 0.89153464 | M31: =IFERROR(T31/Z31*$D31,"") -> 0.76089018 | N31: =IFERROR(U31/AA31*$D31,"") -> 0.72596915 | O31: =IFERROR(V31/AB31*$D31,"") -> 0.69604058 | P31: =IFERROR(W31/AC31*$D31,"") -> 0.6688938 | Q31: 85 | R31: 3524.6 | S31: 3277.58 | T31: 3104.82 | U31: 2968.31 | V31: 2835.29 | W31: 2749.1 | X31: =AD31*($Q31/100) -> 7362.87 | Y31: =AE31*($Q31/100) -> 7352.67 | Z31: =AF31*($Q31/100) -> 8161.02 | AA31: =AG31*($Q31/100) -> 8177.51 | AB31: =AH31*($Q31/100) -> 8146.91 | AC31: =AI31*($Q31/100) -> 8219.84 | AD31: 8662.2 | AE31: 8650.2 | AF31: 9601.2 | AG31: 9620.6 | AH31: 9584.6 | AI31: 9670.4 | AJ31: 15593561 | AK31: 10258868 | AL31: 9263588 | AM31: 8313147 | AN31: 7364261 | AO31: 6893340 | AP31: =IFERROR(VLOOKUP(C31,'2_LN_DadosExportados'!V:V,1,FALSE),"") -> WC - Sin Abbott RapidCool 1/2 | AQ31: {=IF(AND(ISERR(FIND("sim",INDEX('existencia de wc'!K$2:K$193,MATCH('3_Industrial_Plan_Idash'!C31,'existencia de wc'!B$2:B$192,0))))=FALSE,SUMPRODUCT(('2_LN_DadosExportados'!V$2:V$314='3_Industrial_Plan_Idash'!C31)*('2_LN_DadosExportados'!A$2:A$314="X"))>0), "MOSTRAR","")}
A32: =IF(OR(E32>=D32,F32>=D32,G32>=D32,H32>=D32,I32>=D32,J32>=D32),"INVEST","OK") -> INVEST | B32: HOR-3102 | C32: WC - Sin Abbott Convencional 3 | D32: 1 | E32: =IFERROR(((SUMIFS('2_LN_DadosExportados'!AL:AL,'2_LN_DadosExportados'!$V:$V,$C32,'2_LN_DadosExportados'!$A:$A,"X")+R32)/X32)*$D32,"") -> 1.61339 | F32: =IFERROR(((SUMIFS('2_LN_DadosExportados'!AM:AM,'2_LN_DadosExportados'!$V:$V,$C32,'2_LN_DadosExportados'!$A:$A,"X")+S32)/Y32)*$D32,"") -> 1.9187724 | G32: =IFERROR(((SUMIFS('2_LN_DadosExportados'!AN:AN,'2_LN_DadosExportados'!$V:$V,$C32,'2_LN_DadosExportados'!$A:$A,"X")+T32)/Z32)*$D32,"") -> 1.9099352 | H32: =IFERROR(((SUMIFS('2_LN_DadosExportados'!AO:AO,'2_LN_DadosExportados'!$V:$V,$C32,'2_LN_DadosExportados'!$A:$A,"X")+U32)/AA32)*$D32,"") -> 2.1035499 | I32: =IFERROR(((SUMIFS('2_LN_DadosExportados'!AP:AP,'2_LN_DadosExportados'!$V:$V,$C32,'2_LN_DadosExportados'!$A:$A,"X")+V32)/AB32)*$D32,"") -> 2.3036476 | J32: =IFERROR(((SUMIFS('2_LN_DadosExportados'!AQ:AQ,'2_LN_DadosExportados'!$V:$V,$C32,'2_LN_DadosExportados'!$A:$A,"X")+W32)/AC32)*$D32,"") -> 2.3823887 | K32: =IFERROR(R32/X32*$D32,"") -> 1.61339 | L32: =IFERROR(S32/Y32*$D32,"") -> 1.9187724 | M32: =IFERROR(T32/Z32*$D32,"") -> 1.9099352 | N32: =IFERROR(U32/AA32*$D32,"") -> 2.1035499 | O32: =IFERROR(V32/AB32*$D32,"") -> 2.3036476 | P32: =IFERROR(W32/AC32*$D32,"") -> 2.3823887 | Q32: 85 | R32: 6322.48 | S32: =6895.32+158.7302 -> 7054.0502 | T32: =7742.23+79.365079 -> 7821.5951 | U32: 8600.9 | V32: 9417.68 | W32: 9826.46 | X32: =AD32*($Q32/100) -> 3918.755 | Y32: =AE32*($Q32/100) -> 3676.335 | Z32: =AF32*($Q32/100) -> 4095.215 | AA32: =AG32*($Q32/100) -> 4088.755 | AB32: =AH32*($Q32/100) -> 4088.16 | AC32: =AI32*($Q32/100) -> 4124.625 | AD32: 4610.3 | AE32: 4325.1 | AF32: 4817.9 | AG32: 4810.3 | AH32: 4809.6 | AI32: 4852.5 | AJ32: 23218030 | AK32: 19144474 | AL32: 21836326 | AM32: 24506438 | AN32: 27173836 | AO32: 29745074 | AP32: =IFERROR(VLOOKUP(C32,'2_LN_DadosExportados'!V:V,1,FALSE),"") -> WC - Sin Abbott Convencional 3 | AQ32: {=IF(AND(ISERR(FIND("sim",INDEX('existencia de wc'!K$2:K$193,MATCH('3_Industrial_Plan_Idash'!C32,'existencia de wc'!B$2:B$192,0))))=FALSE,SUMPRODUCT(('2_LN_DadosExportados'!V$2:V$314='3_Industrial_Plan_Idash'!C32)*('2_LN_DadosExportados'!A$2:A$314="X"))>0), "MOSTRAR","")}
A33: =IF(OR(E33>=D33,F33>=D33,G33>=D33,H33>=D33,I33>=D33,J33>=D33),"INVEST","OK") -> OK | B33: HOR-3601 | C33: WC - Nitretação Rubig | D33: 1 | E33: =IFERROR(((SUMIFS('2_LN_DadosExportados'!AL:AL,'2_LN_DadosExportados'!$V:$V,$C33,'2_LN_DadosExportados'!$A:$A,"X")+R33)/X33)*$D33,"") -> 0.33932427 | F33: =IFERROR(((SUMIFS('2_LN_DadosExportados'!AM:AM,'2_LN_DadosExportados'!$V:$V,$C33,'2_LN_DadosExportados'!$A:$A,"X")+S33)/Y33)*$D33,"") -> 0.16802386 | G33: =IFERROR(((SUMIFS('2_LN_DadosExportados'!AN:AN,'2_LN_DadosExportados'!$V:$V,$C33,'2_LN_DadosExportados'!$A:$A,"X")+T33)/Z33)*$D33,"") -> 0.14140877 | H33: =IFERROR(((SUMIFS('2_LN_DadosExportados'!AO:AO,'2_LN_DadosExportados'!$V:$V,$C33,'2_LN_DadosExportados'!$A:$A,"X")+U33)/AA33)*$D33,"") -> 0.13241031 | I33: =IFERROR(((SUMIFS('2_LN_DadosExportados'!AP:AP,'2_LN_DadosExportados'!$V:$V,$C33,'2_LN_DadosExportados'!$A:$A,"X")+V33)/AB33)*$D33,"") -> 0.12342537 | J33: =IFERROR(((SUMIFS('2_LN_DadosExportados'!AQ:AQ,'2_LN_DadosExportados'!$V:$V,$C33,'2_LN_DadosExportados'!$A:$A,"X")+W33)/AC33)*$D33,"") -> 0.11700635 | K33: =IFERROR(R33/X33*$D33,"") -> 0.33932427 | L33: =IFERROR(S33/Y33*$D33,"") -> 0.16802386 | M33: =IFERROR(T33/Z33*$D33,"") -> 0.14140877 | N33: =IFERROR(U33/AA33*$D33,"") -> 0.13241031 | O33: =IFERROR(V33/AB33*$D33,"") -> 0.12342537 | P33: =IFERROR(W33/AC33*$D33,"") -> 0.11700635 | Q33: 75 | R33: 1173.29 | S33: 545.04 | T33: 510.97 | U33: 477.7 | V33: 445.22 | W33: 425.83 | X33: =AD33*($Q33/100) -> 3457.725 | Y33: =AE33*($Q33/100) -> 3243.825 | Z33: =AF33*($Q33/100) -> 3613.425 | AA33: =AG33*($Q33/100) -> 3607.725 | AB33: =AH33*($Q33/100) -> 3607.2 | AC33: =AI33*($Q33/100) -> 3639.375 | AD33: 4610.3 | AE33: 4325.1 | AF33: 4817.9 | AG33: 4810.3 | AH33: 4809.6 | AI33: 4852.5 | AJ33: 3126757 | AK33: 953463 | AL33: 858135 | AM33: 762807 | AN33: 667479 | AO33: 619815 | AP33: =IFERROR(VLOOKUP(C33,'2_LN_DadosExportados'!V:V,1,FALSE),"") | AQ33: {=IF(AND(ISERR(FIND("sim",INDEX('existencia de wc'!K$2:K$193,MATCH('3_Industrial_Plan_Idash'!C33,'existencia de wc'!B$2:B$192,0))))=FALSE,SUMPRODUCT(('2_LN_DadosExportados'!V$2:V$314='3_Industrial_Plan_Idash'!C33)*('2_LN_DadosExportados'!A$2:A$314="X"))>0), "MOSTRAR","")}
A34: =IF(OR(E34>=D34,F34>=D34,G34>=D34,H34>=D34,I34>=D34,J34>=D34),"INVEST","OK") -> OK | B34: HOR-3800 | C34: WC - Revenimento Engefor | D34: 1 | E34: =IFERROR(((SUMIFS('2_LN_DadosExportados'!AL:AL,'2_LN_DadosExportados'!$V:$V,$C34,'2_LN_DadosExportados'!$A:$A,"X")+R34)/X34)*$D34,"") -> 0.29485241 | F34: =IFERROR(((SUMIFS('2_LN_DadosExportados'!AM:AM,'2_LN_DadosExportados'!$V:$V,$C34,'2_LN_DadosExportados'!$A:$A,"X")+S34)/Y34)*$D34,"") -> 0.33324765 | G34: =IFERROR(((SUMIFS('2_LN_DadosExportados'!AN:AN,'2_LN_DadosExportados'!$V:$V,$C34,'2_LN_DadosExportados'!$A:$A,"X")+T34)/Z34)*$D34,"") -> 0.28853011 | H34: =IFERROR(((SUMIFS('2_LN_DadosExportados'!AO:AO,'2_LN_DadosExportados'!$V:$V,$C34,'2_LN_DadosExportados'!$A:$A,"X")+U34)/AA34)*$D34,"") -> 0.28350195 | I34: =IFERROR(((SUMIFS('2_LN_DadosExportados'!AP:AP,'2_LN_DadosExportados'!$V:$V,$C34,'2_LN_DadosExportados'!$A:$A,"X")+V34)/AB34)*$D34,"") -> 0.28009638 | J34: =IFERROR(((SUMIFS('2_LN_DadosExportados'!AQ:AQ,'2_LN_DadosExportados'!$V:$V,$C34,'2_LN_DadosExportados'!$A:$A,"X")+W34)/AC34)*$D34,"") -> 0.27318537 | K34: =IFERROR(R34/X34*$D34,"") -> 0.29485241 | L34: =IFERROR(S34/Y34*$D34,"") -> 0.33324765 | M34: =IFERROR(T34/Z34*$D34,"") -> 0.28853011 | N34: =IFERROR(U34/AA34*$D34,"") -> 0.28350195 | O34: =IFERROR(V34/AB34*$D34,"") -> 0.28009638 | P34: =IFERROR(W34/AC34*$D34,"") -> 0.27318537 | Q34: 85 | R34: 1085.48 | S34: 1225.13 | T34: 1177.35 | U34: 1159.17 | V34: 1140.96 | W34: 1122.77 | X34: =AD34*($Q34/100) -> 3681.435 | Y34: =AE34*($Q34/100) -> 3676.335 | Z34: =AF34*($Q34/100) -> 4080.51 | AA34: =AG34*($Q34/100) -> 4088.755 | AB34: =AH34*($Q34/100) -> 4073.455 | AC34: =AI34*($Q34/100) -> 4109.92 | AD34: 4331.1 | AE34: 4325.1 | AF34: 4800.6 | AG34: 4810.3 | AH34: 4792.3 | AI34: 4835.2 | AJ34: 2252652 | AK34: 2417575 | AL34: 2393575 | AM34: 2393575 | AN34: 2393575 | AO34: 2393575 | AP34: =IFERROR(VLOOKUP(C34,'2_LN_DadosExportados'!V:V,1,FALSE),"") | AQ34: {=IF(AND(ISERR(FIND("sim",INDEX('existencia de wc'!K$2:K$193,MATCH('3_Industrial_Plan_Idash'!C34,'existencia de wc'!B$2:B$192,0))))=FALSE,SUMPRODUCT(('2_LN_DadosExportados'!V$2:V$314='3_Industrial_Plan_Idash'!C34)*('2_LN_DadosExportados'!A$2:A$314="X"))>0), "MOSTRAR","")}
A35: =IF(OR(E35>=D35,F35>=D35,G35>=D35,H35>=D35,I35>=D35,J35>=D35),"INVEST","OK") -> OK | B35: HOR-3950 | C35: WC - Oxi Blue Star 1/2 | D35: 2 | E35: =IFERROR(((SUMIFS('2_LN_DadosExportados'!AL:AL,'2_LN_DadosExportados'!$V:$V,$C35,'2_LN_DadosExportados'!$A:$A,"X")+R35)/X35)*$D35,"") -> 1.213869 | F35: =IFERROR(((SUMIFS('2_LN_DadosExportados'!AM:AM,'2_LN_DadosExportados'!$V:$V,$C35,'2_LN_DadosExportados'!$A:$A,"X")+S35)/Y35)*$D35,"") -> 0.99811905 | G35: =IFERROR(((SUMIFS('2_LN_DadosExportados'!AN:AN,'2_LN_DadosExportados'!$V:$V,$C35,'2_LN_DadosExportados'!$A:$A,"X")+T35)/Z35)*$D35,"") -> 0.96288699 | H35: =IFERROR(((SUMIFS('2_LN_DadosExportados'!AO:AO,'2_LN_DadosExportados'!$V:$V,$C35,'2_LN_DadosExportados'!$A:$A,"X")+U35)/AA35)*$D35,"") -> 1.0220593 | I35: =IFERROR(((SUMIFS('2_LN_DadosExportados'!AP:AP,'2_LN_DadosExportados'!$V:$V,$C35,'2_LN_DadosExportados'!$A:$A,"X")+V35)/AB35)*$D35,"") -> 1.0848481 | J35: =IFERROR(((SUMIFS('2_LN_DadosExportados'!AQ:AQ,'2_LN_DadosExportados'!$V:$V,$C35,'2_LN_DadosExportados'!$A:$A,"X")+W35)/AC35)*$D35,"") -> 1.1589715 | K35: =IFERROR(R35/X35*$D35,"") -> 1.213869 | L35: =IFERROR(S35/Y35*$D35,"") -> 0.99811905 | M35: =IFERROR(T35/Z35*$D35,"") -> 0.96288699 | N35: =IFERROR(U35/AA35*$D35,"") -> 1.0220593 | O35: =IFERROR(V35/AB35*$D35,"") -> 1.0848481 | P35: =IFERROR(W35/AC35*$D35,"") -> 1.1589715 | Q35: 85 | R35: 4468.78 | S35: 3669.42 | T35: 3929.07 | U35: 4178.95 | V35: 4419.08 | W35: 4763.28 | X35: =AD35*($Q35/100) -> 7362.87 | Y35: =AE35*($Q35/100) -> 7352.67 | Z35: =AF35*($Q35/100) -> 8161.02 | AA35: =AG35*($Q35/100) -> 8177.51 | AB35: =AH35*($Q35/100) -> 8146.91 | AC35: =AI35*($Q35/100) -> 8219.84 | AD35: 8662.2 | AE35: 8650.2 | AF35: 9601.2 | AG35: 9620.6 | AH35: 9584.6 | AI35: 9670.4 | AJ35: 14926854 | AK35: 11244690 | AL35: 12652693 | AM35: 14060704 | AN35: 15468707 | AO35: 17397023 | AP35: =IFERROR(VLOOKUP(C35,'2_LN_DadosExportados'!V:V,1,FALSE),"") | AQ35: {=IF(AND(ISERR(FIND("sim",INDEX('existencia de wc'!K$2:K$193,MATCH('3_Industrial_Plan_Idash'!C35,'existencia de wc'!B$2:B$192,0))))=FALSE,SUMPRODUCT(('2_LN_DadosExportados'!V$2:V$314='3_Industrial_Plan_Idash'!C35)*('2_LN_DadosExportados'!A$2:A$314="X"))>0), "MOSTRAR","")}
A36: =IF(OR(E36>=D36,F36>=D36,G36>=D36,H36>=D36,I36>=D36,J36>=D36),"INVEST","OK") -> OK | B36: HOR-3952 | C36: WC - Que/Rev Engefor Branco | D36: 1 | E36: =IFERROR(((SUMIFS('2_LN_DadosExportados'!AL:AL,'2_LN_DadosExportados'!$V:$V,$C36,'2_LN_DadosExportados'!$A:$A,"X")+R36)/X36)*$D36,"") -> 0.12314881 | F36: =IFERROR(((SUMIFS('2_LN_DadosExportados'!AM:AM,'2_LN_DadosExportados'!$V:$V,$C36,'2_LN_DadosExportados'!$A:$A,"X")+S36)/Y36)*$D36,"") -> 0.05910506 | G36: =IFERROR(((SUMIFS('2_LN_DadosExportados'!AN:AN,'2_LN_DadosExportados'!$V:$V,$C36,'2_LN_DadosExportados'!$A:$A,"X")+T36)/Z36)*$D36,"") -> 0.049740978 | H36: =IFERROR(((SUMIFS('2_LN_DadosExportados'!AO:AO,'2_LN_DadosExportados'!$V:$V,$C36,'2_LN_DadosExportados'!$A:$A,"X")+U36)/AA36)*$D36,"") -> 0.046576525 | I36: =IFERROR(((SUMIFS('2_LN_DadosExportados'!AP:AP,'2_LN_DadosExportados'!$V:$V,$C36,'2_LN_DadosExportados'!$A:$A,"X")+V36)/AB36)*$D36,"") -> 0.04341562 | J36: =IFERROR(((SUMIFS('2_LN_DadosExportados'!AQ:AQ,'2_LN_DadosExportados'!$V:$V,$C36,'2_LN_DadosExportados'!$A:$A,"X")+W36)/AC36)*$D36,"") -> 0.041157681 | K36: =IFERROR(R36/X36*$D36,"") -> 0.12314881 | L36: =IFERROR(S36/Y36*$D36,"") -> 0.05910506 | M36: =IFERROR(T36/Z36*$D36,"") -> 0.049740978 | N36: =IFERROR(U36/AA36*$D36,"") -> 0.046576525 | O36: =IFERROR(V36/AB36*$D36,"") -> 0.04341562 | P36: =IFERROR(W36/AC36*$D36,"") -> 0.041157681 | Q36: 85 | R36: 482.59 | S36: 217.29 | T36: 203.7 | U36: 190.44 | V36: 177.49 | W36: 169.76 | X36: =AD36*($Q36/100) -> 3918.755 | Y36: =AE36*($Q36/100) -> 3676.335 | Z36: =AF36*($Q36/100) -> 4095.215 | AA36: =AG36*($Q36/100) -> 4088.755 | AB36: =AH36*($Q36/100) -> 4088.16 | AC36: =AI36*($Q36/100) -> 4124.625 | AD36: 4610.3 | AE36: 4325.1 | AF36: 4817.9 | AG36: 4810.3 | AH36: 4809.6 | AI36: 4852.5 | AJ36: 3126757 | AK36: 953463 | AL36: 858135 | AM36: 762807 | AN36: 667479 | AO36: 619815 | AP36: =IFERROR(VLOOKUP(C36,'2_LN_DadosExportados'!V:V,1,FALSE),"") | AQ36: {=IF(AND(ISERR(FIND("sim",INDEX('existencia de wc'!K$2:K$193,MATCH('3_Industrial_Plan_Idash'!C36,'existencia de wc'!B$2:B$192,0))))=FALSE,SUMPRODUCT(('2_LN_DadosExportados'!V$2:V$314='3_Industrial_Plan_Idash'!C36)*('2_LN_DadosExportados'!A$2:A$314="X"))>0), "MOSTRAR","")}
A37: =IF(OR(E37>=D37,F37>=D37,G37>=D37,H37>=D37,I37>=D37,J37>=D37),"INVEST","OK") -> OK | B37: HOR-5100 | C37: WC - OFF Cal 30 ton Dorst DK 2 | D37: 1 | E37: =IFERROR(((SUMIFS('2_LN_DadosExportados'!AL:AL,'2_LN_DadosExportados'!$V:$V,$C37,'2_LN_DadosExportados'!$A:$A,"X")+R37)/X37)*$D37,"") -> 0.73508982 | F37: =IFERROR(((SUMIFS('2_LN_DadosExportados'!AM:AM,'2_LN_DadosExportados'!$V:$V,$C37,'2_LN_DadosExportados'!$A:$A,"X")+S37)/Y37)*$D37,"") -> 0.19415469 | G37: =IFERROR(((SUMIFS('2_LN_DadosExportados'!AN:AN,'2_LN_DadosExportados'!$V:$V,$C37,'2_LN_DadosExportados'!$A:$A,"X")+T37)/Z37)*$D37,"") -> 0.14523723 | H37: =IFERROR(((SUMIFS('2_LN_DadosExportados'!AO:AO,'2_LN_DadosExportados'!$V:$V,$C37,'2_LN_DadosExportados'!$A:$A,"X")+U37)/AA37)*$D37,"") -> 0.11717804 | I37: =IFERROR(((SUMIFS('2_LN_DadosExportados'!AP:AP,'2_LN_DadosExportados'!$V:$V,$C37,'2_LN_DadosExportados'!$A:$A,"X")+V37)/AB37)*$D37,"") -> 0.089718 | J37: =IFERROR(((SUMIFS('2_LN_DadosExportados'!AQ:AQ,'2_LN_DadosExportados'!$V:$V,$C37,'2_LN_DadosExportados'!$A:$A,"X")+W37)/AC37)*$D37,"") -> 0.075006539 | K37: =IFERROR(R37/X37*$D37,"") -> 0.73508982 | L37: =IFERROR(S37/Y37*$D37,"") -> 0.19415469 | M37: =IFERROR(T37/Z37*$D37,"") -> 0.14523723 | N37: =IFERROR(U37/AA37*$D37,"") -> 0.11717804 | O37: =IFERROR(V37/AB37*$D37,"") -> 0.089718 | P37: =IFERROR(W37/AC37*$D37,"") -> 0.075006539 | Q37: 65 | R37: 2202.84 | S37: 545.83 | T37: 454.83 | U37: 366.38 | V37: 280.48 | W37: 236.58 | X37: =AD37*($Q37/100) -> 2996.695 | Y37: =AE37*($Q37/100) -> 2811.315 | Z37: =AF37*($Q37/100) -> 3131.635 | AA37: =AG37*($Q37/100) -> 3126.695 | AB37: =AH37*($Q37/100) -> 3126.24 | AC37: =AI37*($Q37/100) -> 3154.125 | AD37: 4610.3 | AE37: 4325.1 | AF37: 4817.9 | AG37: 4810.3 | AH37: 4809.6 | AI37: 4852.5 | AJ37: 2812488 | AK37: 698228 | AL37: 590808 | AM37: 483389 | AN37: 375969 | AO37: 322259 | AP37: =IFERROR(VLOOKUP(C37,'2_LN_DadosExportados'!V:V,1,FALSE),"") | AQ37: {=IF(AND(ISERR(FIND("sim",INDEX('existencia de wc'!K$2:K$193,MATCH('3_Industrial_Plan_Idash'!C37,'existencia de wc'!B$2:B$192,0))))=FALSE,SUMPRODUCT(('2_LN_DadosExportados'!V$2:V$314='3_Industrial_Plan_Idash'!C37)*('2_LN_DadosExportados'!A$2:A$314="X"))>0), "MOSTRAR","")}
A38: =IF(OR(E38>=D38,F38>=D38,G38>=D38,H38>=D38,I38>=D38,J38>=D38),"INVEST","OK") -> OK | B38: HOR-5121 | C38: WC - Cal 50 ton HORMEC HS | D38: 1 | E38: =IFERROR(((SUMIFS('2_LN_DadosExportados'!AL:AL,'2_LN_DadosExportados'!$V:$V,$C38,'2_LN_DadosExportados'!$A:$A,"X")+R38)/X38)*$D38,"") -> 0.42868129 | F38: =IFERROR(((SUMIFS('2_LN_DadosExportados'!AM:AM,'2_LN_DadosExportados'!$V:$V,$C38,'2_LN_DadosExportados'!$A:$A,"X")+S38)/Y38)*$D38,"") -> 0.37756352 | G38: =IFERROR(((SUMIFS('2_LN_DadosExportados'!AN:AN,'2_LN_DadosExportados'!$V:$V,$C38,'2_LN_DadosExportados'!$A:$A,"X")+T38)/Z38)*$D38,"") -> 0.33498377 | H38: =IFERROR(((SUMIFS('2_LN_DadosExportados'!AO:AO,'2_LN_DadosExportados'!$V:$V,$C38,'2_LN_DadosExportados'!$A:$A,"X")+U38)/AA38)*$D38,"") -> 0.32913987 | I38: =IFERROR(((SUMIFS('2_LN_DadosExportados'!AP:AP,'2_LN_DadosExportados'!$V:$V,$C38,'2_LN_DadosExportados'!$A:$A,"X")+V38)/AB38)*$D38,"") -> 0.3251819 | J38: =IFERROR(((SUMIFS('2_LN_DadosExportados'!AQ:AQ,'2_LN_DadosExportados'!$V:$V,$C38,'2_LN_DadosExportados'!$A:$A,"X")+W38)/AC38)*$D38,"") -> 0.31715815 | K38: =IFERROR(R38/X38*$D38,"") -> 0.42868129 | L38: =IFERROR(S38/Y38*$D38,"") -> 0.37756352 | M38: =IFERROR(T38/Z38*$D38,"") -> 0.33498377 | N38: =IFERROR(U38/AA38*$D38,"") -> 0.32913987 | O38: =IFERROR(V38/AB38*$D38,"") -> 0.3251819 | P38: =IFERROR(W38/AC38*$D38,"") -> 0.31715815 | Q38: 65 | R38: 1206.83 | S38: 1061.45 | T38: 1045.28 | U38: 1029.12 | V38: 1012.94 | W38: 996.79 | X38: =AD38*($Q38/100) -> 2815.215 | Y38: =AE38*($Q38/100) -> 2811.315 | Z38: =AF38*($Q38/100) -> 3120.39 | AA38: =AG38*($Q38/100) -> 3126.695 | AB38: =AH38*($Q38/100) -> 3114.995 | AC38: =AI38*($Q38/100) -> 3142.88 | AD38: 4331.1 | AE38: 4325.1 | AF38: 4800.6 | AG38: 4810.3 | AH38: 4792.3 | AI38: 4835.2 | AJ38: 4000101 | AK38: 3636605 | AL38: 3636605 | AM38: 3636605 | AN38: 3636605 | AO38: 3636605 | AP38: =IFERROR(VLOOKUP(C38,'2_LN_DadosExportados'!V:V,1,FALSE),"") | AQ38: {=IF(AND(ISERR(FIND("sim",INDEX('existencia de wc'!K$2:K$193,MATCH('3_Industrial_Plan_Idash'!C38,'existencia de wc'!B$2:B$192,0))))=FALSE,SUMPRODUCT(('2_LN_DadosExportados'!V$2:V$314='3_Industrial_Plan_Idash'!C38)*('2_LN_DadosExportados'!A$2:A$314="X"))>0), "MOSTRAR","")}
A39: =IF(OR(E39>=D39,F39>=D39,G39>=D39,H39>=D39,I39>=D39,J39>=D39),"INVEST","OK") -> OK | B39: HOR-5141 | C39: WC - Cal 100 ton HORMEC | D39: 1 | E39: =IFERROR(((SUMIFS('2_LN_DadosExportados'!AL:AL,'2_LN_DadosExportados'!$V:$V,$C39,'2_LN_DadosExportados'!$A:$A,"X")+R39)/X39)*$D39,"") -> 0.24052832 | F39: =IFERROR(((SUMIFS('2_LN_DadosExportados'!AM:AM,'2_LN_DadosExportados'!$V:$V,$C39,'2_LN_DadosExportados'!$A:$A,"X")+S39)/Y39)*$D39,"") -> 0.30849264 | G39: =IFERROR(((SUMIFS('2_LN_DadosExportados'!AN:AN,'2_LN_DadosExportados'!$V:$V,$C39,'2_LN_DadosExportados'!$A:$A,"X")+T39)/Z39)*$D39,"") -> 0.27272016 | H39: =IFERROR(((SUMIFS('2_LN_DadosExportados'!AO:AO,'2_LN_DadosExportados'!$V:$V,$C39,'2_LN_DadosExportados'!$A:$A,"X")+U39)/AA39)*$D39,"") -> 0.26892613 | I39: =IFERROR(((SUMIFS('2_LN_DadosExportados'!AP:AP,'2_LN_DadosExportados'!$V:$V,$C39,'2_LN_DadosExportados'!$A:$A,"X")+V39)/AB39)*$D39,"") -> 0.26473975 | J39: =IFERROR(((SUMIFS('2_LN_DadosExportados'!AQ:AQ,'2_LN_DadosExportados'!$V:$V,$C39,'2_LN_DadosExportados'!$A:$A,"X")+W39)/AC39)*$D39,"") -> 0.25821107 | K39: =IFERROR(R39/X39*$D39,"") -> 0.24052832 | L39: =IFERROR(S39/Y39*$D39,"") -> 0.30849264 | M39: =IFERROR(T39/Z39*$D39,"") -> 0.27272016 | N39: =IFERROR(U39/AA39*$D39,"") -> 0.26892613 | O39: =IFERROR(V39/AB39*$D39,"") -> 0.26473975 | P39: =IFERROR(W39/AC39*$D39,"") -> 0.25821107 | Q39: 65 | R39: 720.79 | S39: 867.27 | T39: 854.06 | U39: 840.85 | V39: 827.64 | W39: 814.43 | X39: =AD39*($Q39/100) -> 2996.695 | Y39: =AE39*($Q39/100) -> 2811.315 | Z39: =AF39*($Q39/100) -> 3131.635 | AA39: =AG39*($Q39/100) -> 3126.695 | AB39: =AH39*($Q39/100) -> 3126.24 | AC39: =AI39*($Q39/100) -> 3154.125 | AD39: 4610.3 | AE39: 4325.1 | AF39: 4817.9 | AG39: 4810.3 | AH39: 4809.6 | AI39: 4852.5 | AJ39: 849789 | AK39: 1053756 | AL39: 1053756 | AM39: 1053756 | AN39: 1053756 | AO39: 1053756 | AP39: =IFERROR(VLOOKUP(C39,'2_LN_DadosExportados'!V:V,1,FALSE),"") | AQ39: {=IF(AND(ISERR(FIND("sim",INDEX('existencia de wc'!K$2:K$193,MATCH('3_Industrial_Plan_Idash'!C39,'existencia de wc'!B$2:B$192,0))))=FALSE,SUMPRODUCT(('2_LN_DadosExportados'!V$2:V$314='3_Industrial_Plan_Idash'!C39)*('2_LN_DadosExportados'!A$2:A$314="X"))>0), "MOSTRAR","")}
A40: =IF(OR(E40>=D40,F40>=D40,G40>=D40,H40>=D40,I40>=D40,J40>=D40),"INVEST","OK") -> OK | B40: HOR-5150 | C40: WC - Cal 150 ton Jundiaí 1/2 | D40: 2 | E40: =IFERROR(((SUMIFS('2_LN_DadosExportados'!AL:AL,'2_LN_DadosExportados'!$V:$V,$C40,'2_LN_DadosExportados'!$A:$A,"X")+R40)/X40)*$D40,"") -> 0.83600099 | F40: =IFERROR(((SUMIFS('2_LN_DadosExportados'!AM:AM,'2_LN_DadosExportados'!$V:$V,$C40,'2_LN_DadosExportados'!$A:$A,"X")+S40)/Y40)*$D40,"") -> 0.75675974 | G40: =IFERROR(((SUMIFS('2_LN_DadosExportados'!AN:AN,'2_LN_DadosExportados'!$V:$V,$C40,'2_LN_DadosExportados'!$A:$A,"X")+T40)/Z40)*$D40,"") -> 0.63082064 | H40: =IFERROR(((SUMIFS('2_LN_DadosExportados'!AO:AO,'2_LN_DadosExportados'!$V:$V,$C40,'2_LN_DadosExportados'!$A:$A,"X")+U40)/AA40)*$D40,"") -> 0.58438703 | I40: =IFERROR(((SUMIFS('2_LN_DadosExportados'!AP:AP,'2_LN_DadosExportados'!$V:$V,$C40,'2_LN_DadosExportados'!$A:$A,"X")+V40)/AB40)*$D40,"") -> 0.53823443 | J40: =IFERROR(((SUMIFS('2_LN_DadosExportados'!AQ:AQ,'2_LN_DadosExportados'!$V:$V,$C40,'2_LN_DadosExportados'!$A:$A,"X")+W40)/AC40)*$D40,"") -> 0.50688226 | K40: =IFERROR(R40/X40*$D40,"") -> 0.83600099 | L40: =IFERROR(S40/Y40*$D40,"") -> 0.75675974 | M40: =IFERROR(T40/Z40*$D40,"") -> 0.63082064 | N40: =IFERROR(U40/AA40*$D40,"") -> 0.58438703 | O40: =IFERROR(V40/AB40*$D40,"") -> 0.53823443 | P40: =IFERROR(W40/AC40*$D40,"") -> 0.50688226 | Q40: 65 | R40: 2505.24 | S40: 2127.49 | T40: 1975.5 | U40: 1827.2 | V40: 1682.65 | W40: 1598.77 | X40: =AD40*($Q40/100) -> 5993.39 | Y40: =AE40*($Q40/100) -> 5622.63 | Z40: =AF40*($Q40/100) -> 6263.27 | AA40: =AG40*($Q40/100) -> 6253.39 | AB40: =AH40*($Q40/100) -> 6252.48 | AC40: =AI40*($Q40/100) -> 6308.25 | AD40: 9220.6 | AE40: 8650.2 | AF40: 9635.8 | AG40: 9620.6 | AH40: 9619.2 | AI40: 9705 | AJ40: 3208523 | AK40: 2624405 | AL40: 2430289 | AM40: 2236175 | AN40: 2042059 | AO40: 1945001 | AP40: =IFERROR(VLOOKUP(C40,'2_LN_DadosExportados'!V:V,1,FALSE),"") | AQ40: {=IF(AND(ISERR(FIND("sim",INDEX('existencia de wc'!K$2:K$193,MATCH('3_Industrial_Plan_Idash'!C40,'existencia de wc'!B$2:B$192,0))))=FALSE,SUMPRODUCT(('2_LN_DadosExportados'!V$2:V$314='3_Industrial_Plan_Idash'!C40)*('2_LN_DadosExportados'!A$2:A$314="X"))>0), "MOSTRAR","")}
A41: =IF(OR(E41>=D41,F41>=D41,G41>=D41,H41>=D41,I41>=D41,J41>=D41),"INVEST","OK") -> OK | B41: HOR-5160 | C41: WC - Cal 200 ton Jundiai 1/2 | D41: 2 | E41: =IFERROR(((SUMIFS('2_LN_DadosExportados'!AL:AL,'2_LN_DadosExportados'!$V:$V,$C41,'2_LN_DadosExportados'!$A:$A,"X")+R41)/X41)*$D41,"") -> 1.1723003 | F41: =IFERROR(((SUMIFS('2_LN_DadosExportados'!AM:AM,'2_LN_DadosExportados'!$V:$V,$C41,'2_LN_DadosExportados'!$A:$A,"X")+S41)/Y41)*$D41,"") -> 0.75594657 | G41: =IFERROR(((SUMIFS('2_LN_DadosExportados'!AN:AN,'2_LN_DadosExportados'!$V:$V,$C41,'2_LN_DadosExportados'!$A:$A,"X")+T41)/Z41)*$D41,"") -> 0.69832695 | H41: =IFERROR(((SUMIFS('2_LN_DadosExportados'!AO:AO,'2_LN_DadosExportados'!$V:$V,$C41,'2_LN_DadosExportados'!$A:$A,"X")+U41)/AA41)*$D41,"") -> 0.66889452 | I41: =IFERROR(((SUMIFS('2_LN_DadosExportados'!AP:AP,'2_LN_DadosExportados'!$V:$V,$C41,'2_LN_DadosExportados'!$A:$A,"X")+V41)/AB41)*$D41,"") -> 0.6726311 | J41: =IFERROR(((SUMIFS('2_LN_DadosExportados'!AQ:AQ,'2_LN_DadosExportados'!$V:$V,$C41,'2_LN_DadosExportados'!$A:$A,"X")+W41)/AC41)*$D41,"") -> 0.67654906 | K41: =IFERROR(R41/X41*$D41,"") -> 1.1723003 | L41: =IFERROR(S41/Y41*$D41,"") -> 0.75594657 | M41: =IFERROR(T41/Z41*$D41,"") -> 0.69832695 | N41: =IFERROR(U41/AA41*$D41,"") -> 0.66889452 | O41: =IFERROR(V41/AB41*$D41,"") -> 0.6726311 | P41: =IFERROR(W41/AC41*$D41,"") -> 0.67654906 | Q41: 60 | R41: 3046.41 | S41: =1795.06+166.6667 -> 1961.7267 | T41: =1928.1+83.333 -> 2011.433 | U41: 1930.55 | V41: 1934.07 | W41: 1962.75 | X41: =AD41*($Q41/100) -> 5197.32 | Y41: =AE41*($Q41/100) -> 5190.12 | Z41: =AF41*($Q41/100) -> 5760.72 | AA41: =AG41*($Q41/100) -> 5772.36 | AB41: =AH41*($Q41/100) -> 5750.76 | AC41: =AI41*($Q41/100) -> 5802.24 | AD41: 8662.2 | AE41: 8650.2 | AF41: 9601.2 | AG41: 9620.6 | AH41: 9584.6 | AI41: 9670.4 | AJ41: 2949201 | AK41: 2009640 | AL41: 2097818 | AM41: 2090676 | AN41: 2085092 | AO41: 2115589 | AP41: =IFERROR(VLOOKUP(C41,'2_LN_DadosExportados'!V:V,1,FALSE),"") | AQ41: {=IF(AND(ISERR(FIND("sim",INDEX('existencia de wc'!K$2:K$193,MATCH('3_Industrial_Plan_Idash'!C41,'existencia de wc'!B$2:B$192,0))))=FALSE,SUMPRODUCT(('2_LN_DadosExportados'!V$2:V$314='3_Industrial_Plan_Idash'!C41)*('2_LN_DadosExportados'!A$2:A$314="X"))>0), "MOSTRAR","")}
A42: =IF(OR(E42>=D42,F42>=D42,G42>=D42,H42>=D42,I42>=D42,J42>=D42),"INVEST","OK") -> INVEST | B42: HOR-5180 | C42: WC - Cal 350 ton Jundiai | D42: 1 | E42: =IFERROR(((SUMIFS('2_LN_DadosExportados'!AL:AL,'2_LN_DadosExportados'!$V:$V,$C42,'2_LN_DadosExportados'!$A:$A,"X")+R42)/X42)*$D42,"") -> 0.82004572 | F42: =IFERROR(((SUMIFS('2_LN_DadosExportados'!AM:AM,'2_LN_DadosExportados'!$V:$V,$C42,'2_LN_DadosExportados'!$A:$A,"X")+S42)/Y42)*$D42,"") -> 0.9673996 | G42: =IFERROR(((SUMIFS('2_LN_DadosExportados'!AN:AN,'2_LN_DadosExportados'!$V:$V,$C42,'2_LN_DadosExportados'!$A:$A,"X")+T42)/Z42)*$D42,"") -> 0.90975434 | H42: =IFERROR(((SUMIFS('2_LN_DadosExportados'!AO:AO,'2_LN_DadosExportados'!$V:$V,$C42,'2_LN_DadosExportados'!$A:$A,"X")+U42)/AA42)*$D42,"") -> 0.96734784 | I42: =IFERROR(((SUMIFS('2_LN_DadosExportados'!AP:AP,'2_LN_DadosExportados'!$V:$V,$C42,'2_LN_DadosExportados'!$A:$A,"X")+V42)/AB42)*$D42,"") -> 1.0268521 | J42: =IFERROR(((SUMIFS('2_LN_DadosExportados'!AQ:AQ,'2_LN_DadosExportados'!$V:$V,$C42,'2_LN_DadosExportados'!$A:$A,"X")+W42)/AC42)*$D42,"") -> 1.0234013 | K42: =IFERROR(R42/X42*$D42,"") -> 0.82004572 | L42: =IFERROR(S42/Y42*$D42,"") -> 0.9673996 | M42: =IFERROR(T42/Z42*$D42,"") -> 0.90975434 | N42: =IFERROR(U42/AA42*$D42,"") -> 0.96734784 | O42: =IFERROR(V42/AB42*$D42,"") -> 1.0268521 | P42: =IFERROR(W42/AC42*$D42,"") -> 1.0234013 | Q42: 60 | R42: 2131.02 | S42: 2510.46 | T42: 2620.42 | U42: 2791.94 | V42: 2952.59 | W42: 2969.01 | X42: =AD42*($Q42/100) -> 2598.66 | Y42: =AE42*($Q42/100) -> 2595.06 | Z42: =AF42*($Q42/100) -> 2880.36 | AA42: =AG42*($Q42/100) -> 2886.18 | AB42: =AH42*($Q42/100) -> 2875.38 | AC42: =AI42*($Q42/100) -> 2901.12 | AD42: 4331.1 | AE42: 4325.1 | AF42: 4800.6 | AG42: 4810.3 | AH42: 4792.3 | AI42: 4835.2 | AJ42: 1472888 | AK42: 1748939 | AL42: 1849763 | AM42: 1996294 | AN42: 2139894 | AO42: 2185231 | AP42: =IFERROR(VLOOKUP(C42,'2_LN_DadosExportados'!V:V,1,FALSE),"") | AQ42: {=IF(AND(ISERR(FIND("sim",INDEX('existencia de wc'!K$2:K$193,MATCH('3_Industrial_Plan_Idash'!C42,'existencia de wc'!B$2:B$192,0))))=FALSE,SUMPRODUCT(('2_LN_DadosExportados'!V$2:V$314='3_Industrial_Plan_Idash'!C42)*('2_LN_DadosExportados'!A$2:A$314="X"))>0), "MOSTRAR","")}
A43: =IF(OR(E43>=D43,F43>=D43,G43>=D43,H43>=D43,I43>=D43,J43>=D43),"INVEST","OK") -> OK | B43: HOR-5181 | C43: WC - Cal 500 ton Jundiai | D43: 1 | E43: =IFERROR(((SUMIFS('2_LN_DadosExportados'!AL:AL,'2_LN_DadosExportados'!$V:$V,$C43,'2_LN_DadosExportados'!$A:$A,"X")+R43)/X43)*$D43,"") -> 0.54742829 | F43: =IFERROR(((SUMIFS('2_LN_DadosExportados'!AM:AM,'2_LN_DadosExportados'!$V:$V,$C43,'2_LN_DadosExportados'!$A:$A,"X")+S43)/Y43)*$D43,"") -> 0.7815696 | G43: =IFERROR(((SUMIFS('2_LN_DadosExportados'!AN:AN,'2_LN_DadosExportados'!$V:$V,$C43,'2_LN_DadosExportados'!$A:$A,"X")+T43)/Z43)*$D43,"") -> 0.7641649 | H43: =IFERROR(((SUMIFS('2_LN_DadosExportados'!AO:AO,'2_LN_DadosExportados'!$V:$V,$C43,'2_LN_DadosExportados'!$A:$A,"X")+U43)/AA43)*$D43,"") -> 0.85184223 | I43: =IFERROR(((SUMIFS('2_LN_DadosExportados'!AP:AP,'2_LN_DadosExportados'!$V:$V,$C43,'2_LN_DadosExportados'!$A:$A,"X")+V43)/AB43)*$D43,"") -> 0.93941323 | J43: =IFERROR(((SUMIFS('2_LN_DadosExportados'!AQ:AQ,'2_LN_DadosExportados'!$V:$V,$C43,'2_LN_DadosExportados'!$A:$A,"X")+W43)/AC43)*$D43,"") -> 0.94633452 | K43: =IFERROR(R43/X43*$D43,"") -> 0.54742829 | L43: =IFERROR(S43/Y43*$D43,"") -> 0.7815696 | M43: =IFERROR(T43/Z43*$D43,"") -> 0.7641649 | N43: =IFERROR(U43/AA43*$D43,"") -> 0.85184223 | O43: =IFERROR(V43/AB43*$D43,"") -> 0.93941323 | P43: =IFERROR(W43/AC43*$D43,"") -> 0.94633452 | Q43: 60 | R43: 1422.58 | S43: 2028.22 | T43: 2201.07 | U43: 2458.57 | V43: 2701.17 | W43: 2745.43 | X43: =AD43*($Q43/100) -> 2598.66 | Y43: =AE43*($Q43/100) -> 2595.06 | Z43: =AF43*($Q43/100) -> 2880.36 | AA43: =AG43*($Q43/100) -> 2886.18 | AB43: =AH43*($Q43/100) -> 2875.38 | AC43: =AI43*($Q43/100) -> 2901.12 | AD43: 4331.1 | AE43: 4325.1 | AF43: 4800.6 | AG43: 4810.3 | AH43: 4792.3 | AI43: 4835.2 | AJ43: 737411 | AK43: 1030302 | AL43: 1131126 | AM43: 1277657 | AN43: 1421257 | AO43: 1466594 | AP43: =IFERROR(VLOOKUP(C43,'2_LN_DadosExportados'!V:V,1,FALSE),"") | AQ43: {=IF(AND(ISERR(FIND("sim",INDEX('existencia de wc'!K$2:K$193,MATCH('3_Industrial_Plan_Idash'!C43,'existencia de wc'!B$2:B$192,0))))=FALSE,SUMPRODUCT(('2_LN_DadosExportados'!V$2:V$314='3_Industrial_Plan_Idash'!C43)*('2_LN_DadosExportados'!A$2:A$314="X"))>0), "MOSTRAR","")}
A44: =IF(OR(E44>=D44,F44>=D44,G44>=D44,H44>=D44,I44>=D44,J44>=D44),"INVEST","OK") -> OK | B44: HOR-6200 | C44: WC - Torno CNC Okuma 1/2/3/4 | D44: 4 | E44: =IFERROR(((SUMIFS('2_LN_DadosExportados'!AL:AL,'2_LN_DadosExportados'!$V:$V,$C44,'2_LN_DadosExportados'!$A:$A,"X")+R44)/X44)*$D44,"") -> 0.80098427 | F44: =IFERROR(((SUMIFS('2_LN_DadosExportados'!AM:AM,'2_LN_DadosExportados'!$V:$V,$C44,'2_LN_DadosExportados'!$A:$A,"X")+S44)/Y44)*$D44,"") -> 1.3701803 | G44: =IFERROR(((SUMIFS('2_LN_DadosExportados'!AN:AN,'2_LN_DadosExportados'!$V:$V,$C44,'2_LN_DadosExportados'!$A:$A,"X")+T44)/Z44)*$D44,"") -> 1.470168 | H44: =IFERROR(((SUMIFS('2_LN_DadosExportados'!AO:AO,'2_LN_DadosExportados'!$V:$V,$C44,'2_LN_DadosExportados'!$A:$A,"X")+U44)/AA44)*$D44,"") -> 1.4445992 | I44: =IFERROR(((SUMIFS('2_LN_DadosExportados'!AP:AP,'2_LN_DadosExportados'!$V:$V,$C44,'2_LN_DadosExportados'!$A:$A,"X")+V44)/AB44)*$D44,"") -> 1.5513949 | J44: =IFERROR(((SUMIFS('2_LN_DadosExportados'!AQ:AQ,'2_LN_DadosExportados'!$V:$V,$C44,'2_LN_DadosExportados'!$A:$A,"X")+W44)/AC44)*$D44,"") -> 1.6392352 | K44: =IFERROR(R44/X44*$D44,"") -> 0.80098427 | L44: =IFERROR(S44/Y44*$D44,"") -> 1.3701803 | M44: =IFERROR(T44/Z44*$D44,"") -> 1.470168 | N44: =IFERROR(U44/AA44*$D44,"") -> 1.4445992 | O44: =IFERROR(V44/AB44*$D44,"") -> 1.5513949 | P44: =IFERROR(W44/AC44*$D44,"") -> 1.6392352 | Q44: 90 | R44: 3323.5 | S44: =4133.55+1200 -> 5333.55 | T44: =5774.81+600 -> 6374.81 | U44: 6254.06 | V44: 6715.43 | W44: 7158.95 | X44: =AD44*($Q44/100) -> 16597.08 | Y44: =AE44*($Q44/100) -> 15570.36 | Z44: =AF44*($Q44/100) -> 17344.44 | AA44: =AG44*($Q44/100) -> 17317.08 | AB44: =AH44*($Q44/100) -> 17314.56 | AC44: =AI44*($Q44/100) -> 17469 | AD44: 18441.2 | AE44: 17300.4 | AF44: 19271.6 | AG44: 19241.2 | AH44: 19238.4 | AI44: 19410 | AJ44: 323688 | AK44: 424607 | AL44: 600297 | AM44: 659831 | AN44: 719365 | AO44: 778898 | AP44: =IFERROR(VLOOKUP(C44,'2_LN_DadosExportados'!V:V,1,FALSE),"") -> WC - Torno CNC Okuma 1/2/3/4 | AQ44: {=IF(AND(ISERR(FIND("sim",INDEX('existencia de wc'!K$2:K$193,MATCH('3_Industrial_Plan_Idash'!C44,'existencia de wc'!B$2:B$192,0))))=FALSE,SUMPRODUCT(('2_LN_DadosExportados'!V$2:V$314='3_Industrial_Plan_Idash'!C44)*('2_LN_DadosExportados'!A$2:A$314="X"))>0), "MOSTRAR","")}
A45: =IF(OR(E45>=D45,F45>=D45,G45>=D45,H45>=D45,I45>=D45,J45>=D45),"INVEST","OK") -> OK | B45: HOR-6201 | C45: WC - Torno CNC Mazak 1/2 | D45: 2 | E45: =IFERROR(((SUMIFS('2_LN_DadosExportados'!AL:AL,'2_LN_DadosExportados'!$V:$V,$C45,'2_LN_DadosExportados'!$A:$A,"X")+R45)/X45)*$D45,"") -> 0 | F45: =IFERROR(((SUMIFS('2_LN_DadosExportados'!AM:AM,'2_LN_DadosExportados'!$V:$V,$C45,'2_LN_DadosExportados'!$A:$A,"X")+S45)/Y45)*$D45,"") -> 0 | G45: =IFERROR(((SUMIFS('2_LN_DadosExportados'!AN:AN,'2_LN_DadosExportados'!$V:$V,$C45,'2_LN_DadosExportados'!$A:$A,"X")+T45)/Z45)*$D45,"") -> 0 | H45: =IFERROR(((SUMIFS('2_LN_DadosExportados'!AO:AO,'2_LN_DadosExportados'!$V:$V,$C45,'2_LN_DadosExportados'!$A:$A,"X")+U45)/AA45)*$D45,"") -> 0 | I45: =IFERROR(((SUMIFS('2_LN_DadosExportados'!AP:AP,'2_LN_DadosExportados'!$V:$V,$C45,'2_LN_DadosExportados'!$A:$A,"X")+V45)/AB45)*$D45,"") -> 0 | J45: =IFERROR(((SUMIFS('2_LN_DadosExportados'!AQ:AQ,'2_LN_DadosExportados'!$V:$V,$C45,'2_LN_DadosExportados'!$A:$A,"X")+W45)/AC45)*$D45,"") -> 0 | K45: =IFERROR(R45/X45*$D45,"") -> 0 | L45: =IFERROR(S45/Y45*$D45,"") -> 0 | M45: =IFERROR(T45/Z45*$D45,"") -> 0 | N45: =IFERROR(U45/AA45*$D45,"") -> 0 | O45: =IFERROR(V45/AB45*$D45,"") -> 0 | P45: =IFERROR(W45/AC45*$D45,"") -> 0 | Q45: 90 | R45: 0 | S45: 0 | T45: 0 | U45: 0 | V45: 0 | W45: 0 | X45: =AD45*($Q45/100) -> 8298.54 | Y45: =AE45*($Q45/100) -> 7785.18 | Z45: =AF45*($Q45/100) -> 8672.22 | AA45: =AG45*($Q45/100) -> 8658.54 | AB45: =AH45*($Q45/100) -> 8657.28 | AC45: =AI45*($Q45/100) -> 8734.5 | AD45: 9220.6 | AE45: 8650.2 | AF45: 9635.8 | AG45: 9620.6 | AH45: 9619.2 | AI45: 9705 | AJ45: 0 | AK45: 0 | AL45: 0 | AM45: 0 | AN45: 0 | AO45: 0 | AP45: =IFERROR(VLOOKUP(C45,'2_LN_DadosExportados'!V:V,1,FALSE),"") | AQ45: {=IF(AND(ISERR(FIND("sim",INDEX('existencia de wc'!K$2:K$193,MATCH('3_Industrial_Plan_Idash'!C45,'existencia de wc'!B$2:B$192,0))))=FALSE,SUMPRODUCT(('2_LN_DadosExportados'!V$2:V$314='3_Industrial_Plan_Idash'!C45)*('2_LN_DadosExportados'!A$2:A$314="X"))>0), "MOSTRAR","")}
A46: =IF(OR(E46>=D46,F46>=D46,G46>=D46,H46>=D46,I46>=D46,J46>=D46),"INVEST","OK") -> OK | B46: HOR-6202 | C46: WC - Tor FAMAR SUB160 | D46: 1 | E46: =IFERROR(((SUMIFS('2_LN_DadosExportados'!AL:AL,'2_LN_DadosExportados'!$V:$V,$C46,'2_LN_DadosExportados'!$A:$A,"X")+R46)/X46)*$D46,"") -> 0.98720366 | F46: =IFERROR(((SUMIFS('2_LN_DadosExportados'!AM:AM,'2_LN_DadosExportados'!$V:$V,$C46,'2_LN_DadosExportados'!$A:$A,"X")+S46)/Y46)*$D46,"") -> 0.98534652 | G46: =IFERROR(((SUMIFS('2_LN_DadosExportados'!AN:AN,'2_LN_DadosExportados'!$V:$V,$C46,'2_LN_DadosExportados'!$A:$A,"X")+T46)/Z46)*$D46,"") -> 0.88515556 | H46: =IFERROR(((SUMIFS('2_LN_DadosExportados'!AO:AO,'2_LN_DadosExportados'!$V:$V,$C46,'2_LN_DadosExportados'!$A:$A,"X")+U46)/AA46)*$D46,"") -> 0.8807836 | I46: =IFERROR(((SUMIFS('2_LN_DadosExportados'!AP:AP,'2_LN_DadosExportados'!$V:$V,$C46,'2_LN_DadosExportados'!$A:$A,"X")+V46)/AB46)*$D46,"") -> 0.88149508 | J46: =IFERROR(((SUMIFS('2_LN_DadosExportados'!AQ:AQ,'2_LN_DadosExportados'!$V:$V,$C46,'2_LN_DadosExportados'!$A:$A,"X")+W46)/AC46)*$D46,"") -> 0.1587318 | K46: =IFERROR(R46/X46*$D46,"") -> 0.98720366 | L46: =IFERROR(S46/Y46*$D46,"") -> 0.98534652 | M46: =IFERROR(T46/Z46*$D46,"") -> 0.88515556 | N46: =IFERROR(U46/AA46*$D46,"") -> 0.8807836 | O46: =IFERROR(V46/AB46*$D46,"") -> 0.88149508 | P46: =IFERROR(W46/AC46*$D46,"") -> 0.1587318 | Q46: 90 | R46: =748.11+3100 -> 3848.11 | S46: =735.55+3100 -> 3835.55 | T46: =724.35+3100 -> 3824.35 | U46: =713.15+3100 -> 3813.15 | V46: =701.95+3100 -> 3801.95 | W46: 690.75 | X46: =AD46*($Q46/100) -> 3897.99 | Y46: =AE46*($Q46/100) -> 3892.59 | Z46: =AF46*($Q46/100) -> 4320.54 | AA46: =AG46*($Q46/100) -> 4329.27 | AB46: =AH46*($Q46/100) -> 4313.07 | AC46: =AI46*($Q46/100) -> 4351.68 | AD46: 4331.1 | AE46: 4325.1 | AF46: 4800.6 | AG46: 4810.3 | AH46: 4792.3 | AI46: 4835.2 | AJ46: 157103 | AK46: 156818 | AL46: 156818 | AM46: 156818 | AN46: 156818 | AO46: 156818 | AP46: =IFERROR(VLOOKUP(C46,'2_LN_DadosExportados'!V:V,1,FALSE),"") | AQ46: {=IF(AND(ISERR(FIND("sim",INDEX('existencia de wc'!K$2:K$193,MATCH('3_Industrial_Plan_Idash'!C46,'existencia de wc'!B$2:B$192,0))))=FALSE,SUMPRODUCT(('2_LN_DadosExportados'!V$2:V$314='3_Industrial_Plan_Idash'!C46)*('2_LN_DadosExportados'!A$2:A$314="X"))>0), "MOSTRAR","")}
A47: =IF(OR(E47>=D47,F47>=D47,G47>=D47,H47>=D47,I47>=D47,J47>=D47),"INVEST","OK") -> INVEST | B47: HOR-6203 | C47: WC - Tor FAMAR Bi-SUB | D47: 1 | E47: =IFERROR(((SUMIFS('2_LN_DadosExportados'!AL:AL,'2_LN_DadosExportados'!$V:$V,$C47,'2_LN_DadosExportados'!$A:$A,"X")+R47)/X47)*$D47,"") -> 0.69663083 | F47: =IFERROR(((SUMIFS('2_LN_DadosExportados'!AM:AM,'2_LN_DadosExportados'!$V:$V,$C47,'2_LN_DadosExportados'!$A:$A,"X")+S47)/Y47)*$D47,"") -> 0.90927891 | G47: =IFERROR(((SUMIFS('2_LN_DadosExportados'!AN:AN,'2_LN_DadosExportados'!$V:$V,$C47,'2_LN_DadosExportados'!$A:$A,"X")+T47)/Z47)*$D47,"") -> 0.90105635 | H47: =IFERROR(((SUMIFS('2_LN_DadosExportados'!AO:AO,'2_LN_DadosExportados'!$V:$V,$C47,'2_LN_DadosExportados'!$A:$A,"X")+U47)/AA47)*$D47,"") -> 1.0200126 | I47: =IFERROR(((SUMIFS('2_LN_DadosExportados'!AP:AP,'2_LN_DadosExportados'!$V:$V,$C47,'2_LN_DadosExportados'!$A:$A,"X")+V47)/AB47)*$D47,"") -> 1.1381661 | J47: =IFERROR(((SUMIFS('2_LN_DadosExportados'!AQ:AQ,'2_LN_DadosExportados'!$V:$V,$C47,'2_LN_DadosExportados'!$A:$A,"X")+W47)/AC47)*$D47,"") -> 1.1502201 | K47: =IFERROR(R47/X47*$D47,"") -> 0.69663083 | L47: =IFERROR(S47/Y47*$D47,"") -> 0.90927891 | M47: =IFERROR(T47/Z47*$D47,"") -> 0.90105635 | N47: =IFERROR(U47/AA47*$D47,"") -> 1.0200126 | O47: =IFERROR(V47/AB47*$D47,"") -> 1.1381661 | P47: =IFERROR(W47/AC47*$D47,"") -> 1.1502201 | Q47: 90 | R47: 2715.46 | S47: 3539.45 | T47: 3893.05 | U47: 4415.91 | V47: 4908.99 | W47: 5005.39 | X47: =AD47*($Q47/100) -> 3897.99 | Y47: =AE47*($Q47/100) -> 3892.59 | Z47: =AF47*($Q47/100) -> 4320.54 | AA47: =AG47*($Q47/100) -> 4329.27 | AB47: =AH47*($Q47/100) -> 4313.07 | AC47: =AI47*($Q47/100) -> 4351.68 | AD47: 4331.1 | AE47: 4325.1 | AF47: 4800.6 | AG47: 4810.3 | AH47: 4792.3 | AI47: 4835.2 | AJ47: 601283 | AK47: 814370 | AL47: 915194 | AM47: 1061725 | AN47: 1205325 | AO47: 1250662 | AP47: =IFERROR(VLOOKUP(C47,'2_LN_DadosExportados'!V:V,1,FALSE),"") -> WC - Tor FAMAR Bi-SUB | AQ47: {=IF(AND(ISERR(FIND("sim",INDEX('existencia de wc'!K$2:K$193,MATCH('3_Industrial_Plan_Idash'!C47,'existencia de wc'!B$2:B$192,0))))=FALSE,SUMPRODUCT(('2_LN_DadosExportados'!V$2:V$314='3_Industrial_Plan_Idash'!C47)*('2_LN_DadosExportados'!A$2:A$314="X"))>0), "MOSTRAR","")}
A48: =IF(OR(E48>=D48,F48>=D48,G48>=D48,H48>=D48,I48>=D48,J48>=D48),"INVEST","OK") -> INVEST | B48: HOR-6210 | C48: WC - Gre LEWA-FANUC Usin. verd | D48: 1 | E48: =IFERROR(((SUMIFS('2_LN_DadosExportados'!AL:AL,'2_LN_DadosExportados'!$V:$V,$C48,'2_LN_DadosExportados'!$A:$A,"X")+R48)/X48)*$D48,"") -> 1.2025428 | F48: =IFERROR(((SUMIFS('2_LN_DadosExportados'!AM:AM,'2_LN_DadosExportados'!$V:$V,$C48,'2_LN_DadosExportados'!$A:$A,"X")+S48)/Y48)*$D48,"") -> 2.117465 | G48: =IFERROR(((SUMIFS('2_LN_DadosExportados'!AN:AN,'2_LN_DadosExportados'!$V:$V,$C48,'2_LN_DadosExportados'!$A:$A,"X")+T48)/Z48)*$D48,"") -> 2.4031317 | H48: =IFERROR(((SUMIFS('2_LN_DadosExportados'!AO:AO,'2_LN_DadosExportados'!$V:$V,$C48,'2_LN_DadosExportados'!$A:$A,"X")+U48)/AA48)*$D48,"") -> 2.6922137 | I48: =IFERROR(((SUMIFS('2_LN_DadosExportados'!AP:AP,'2_LN_DadosExportados'!$V:$V,$C48,'2_LN_DadosExportados'!$A:$A,"X")+V48)/AB48)*$D48,"") -> 3.1300512 | J48: =IFERROR(((SUMIFS('2_LN_DadosExportados'!AQ:AQ,'2_LN_DadosExportados'!$V:$V,$C48,'2_LN_DadosExportados'!$A:$A,"X")+W48)/AC48)*$D48,"") -> 3.2937647 | K48: =IFERROR(R48/X48*$D48,"") -> 1.2025428 | L48: =IFERROR(S48/Y48*$D48,"") -> 2.117465 | M48: =IFERROR(T48/Z48*$D48,"") -> 2.4031317 | N48: =IFERROR(U48/AA48*$D48,"") -> 2.6922137 | O48: =IFERROR(V48/AB48*$D48,"") -> 3.1300512 | P48: =IFERROR(W48/AC48*$D48,"") -> 3.2937647 | Q48: 90 | R48: 4687.5 | S48: =6909.09+1333.333 -> 8242.423 | T48: =9716.16+666.6667 -> 10382.827 | U48: 11655.32 | V48: 13500.13 | W48: 14333.41 | X48: =AD48*($Q48/100) -> 3897.99 | Y48: =AE48*($Q48/100) -> 3892.59 | Z48: =AF48*($Q48/100) -> 4320.54 | AA48: =AG48*($Q48/100) -> 4329.27 | AB48: =AH48*($Q48/100) -> 4313.07 | AC48: =AI48*($Q48/100) -> 4351.68 | AD48: 4331.1 | AE48: 4325.1 | AF48: 4800.6 | AG48: 4810.3 | AH48: 4792.3 | AI48: 4835.2 | AJ48: 450000 | AK48: 673179 | AL48: 949693 | AM48: 1155758 | AN48: 1358892 | AO48: 1463762 | AP48: =IFERROR(VLOOKUP(C48,'2_LN_DadosExportados'!V:V,1,FALSE),"") | AQ48: {=IF(AND(ISERR(FIND("sim",INDEX('existencia de wc'!K$2:K$193,MATCH('3_Industrial_Plan_Idash'!C48,'existencia de wc'!B$2:B$192,0))))=FALSE,SUMPRODUCT(('2_LN_DadosExportados'!V$2:V$314='3_Industrial_Plan_Idash'!C48)*('2_LN_DadosExportados'!A$2:A$314="X"))>0), "MOSTRAR","")}
A49: =IF(OR(E49>=D49,F49>=D49,G49>=D49,H49>=D49,I49>=D49,J49>=D49),"INVEST","OK") -> OK | B49: HOR-6211 | C49: WC - Cal 15 ton CBA (Cunhagem) | D49: 1 | E49: =IFERROR(((SUMIFS('2_LN_DadosExportados'!AL:AL,'2_LN_DadosExportados'!$V:$V,$C49,'2_LN_DadosExportados'!$A:$A,"X")+R49)/X49)*$D49,"") -> 0.2625726 | F49: =IFERROR(((SUMIFS('2_LN_DadosExportados'!AM:AM,'2_LN_DadosExportados'!$V:$V,$C49,'2_LN_DadosExportados'!$A:$A,"X")+S49)/Y49)*$D49,"") -> 0.34186137 | G49: =IFERROR(((SUMIFS('2_LN_DadosExportados'!AN:AN,'2_LN_DadosExportados'!$V:$V,$C49,'2_LN_DadosExportados'!$A:$A,"X")+T49)/Z49)*$D49,"") -> 0.30221594 | H49: =IFERROR(((SUMIFS('2_LN_DadosExportados'!AO:AO,'2_LN_DadosExportados'!$V:$V,$C49,'2_LN_DadosExportados'!$A:$A,"X")+U49)/AA49)*$D49,"") -> 0.29801436 | I49: =IFERROR(((SUMIFS('2_LN_DadosExportados'!AP:AP,'2_LN_DadosExportados'!$V:$V,$C49,'2_LN_DadosExportados'!$A:$A,"X")+V49)/AB49)*$D49,"") -> 0.29337799 | J49: =IFERROR(((SUMIFS('2_LN_DadosExportados'!AQ:AQ,'2_LN_DadosExportados'!$V:$V,$C49,'2_LN_DadosExportados'!$A:$A,"X")+W49)/AC49)*$D49,"") -> 0.28614275 | K49: =IFERROR(R49/X49*$D49,"") -> 0.2625726 | L49: =IFERROR(S49/Y49*$D49,"") -> 0.34186137 | M49: =IFERROR(T49/Z49*$D49,"") -> 0.30221594 | N49: =IFERROR(U49/AA49*$D49,"") -> 0.29801436 | O49: =IFERROR(V49/AB49*$D49,"") -> 0.29337799 | P49: =IFERROR(W49/AC49*$D49,"") -> 0.28614275 | Q49: 65 | R49: 786.85 | S49: 961.08 | T49: 946.43 | U49: 931.8 | V49: 917.17 | W49: 902.53 | X49: =AD49*($Q49/100) -> 2996.695 | Y49: =AE49*($Q49/100) -> 2811.315 | Z49: =AF49*($Q49/100) -> 3131.635 | AA49: =AG49*($Q49/100) -> 3126.695 | AB49: =AH49*($Q49/100) -> 3126.24 | AC49: =AI49*($Q49/100) -> 3154.125 | AD49: 4610.3 | AE49: 4325.1 | AF49: 4817.9 | AG49: 4810.3 | AH49: 4809.6 | AI49: 4852.5 | AJ49: 849789 | AK49: 1053756 | AL49: 1053756 | AM49: 1053756 | AN49: 1053756 | AO49: 1053756 | AP49: =IFERROR(VLOOKUP(C49,'2_LN_DadosExportados'!V:V,1,FALSE),"") | AQ49: {=IF(AND(ISERR(FIND("sim",INDEX('existencia de wc'!K$2:K$193,MATCH('3_Industrial_Plan_Idash'!C49,'existencia de wc'!B$2:B$192,0))))=FALSE,SUMPRODUCT(('2_LN_DadosExportados'!V$2:V$314='3_Industrial_Plan_Idash'!C49)*('2_LN_DadosExportados'!A$2:A$314="X"))>0), "MOSTRAR","")}
A50: =IF(OR(E50>=D50,F50>=D50,G50>=D50,H50>=D50,I50>=D50,J50>=D50),"INVEST","OK") -> OK | B50: HOR-6220 | C50: WC - Gre INGENIA-FANUC Usin. | D50: 1 | E50: =IFERROR(((SUMIFS('2_LN_DadosExportados'!AL:AL,'2_LN_DadosExportados'!$V:$V,$C50,'2_LN_DadosExportados'!$A:$A,"X")+R50)/X50)*$D50,"") -> 0.61958599 | F50: =IFERROR(((SUMIFS('2_LN_DadosExportados'!AM:AM,'2_LN_DadosExportados'!$V:$V,$C50,'2_LN_DadosExportados'!$A:$A,"X")+S50)/Y50)*$D50,"") -> 0.50385219 | G50: =IFERROR(((SUMIFS('2_LN_DadosExportados'!AN:AN,'2_LN_DadosExportados'!$V:$V,$C50,'2_LN_DadosExportados'!$A:$A,"X")+T50)/Z50)*$D50,"") -> 0.44703208 | H50: =IFERROR(((SUMIFS('2_LN_DadosExportados'!AO:AO,'2_LN_DadosExportados'!$V:$V,$C50,'2_LN_DadosExportados'!$A:$A,"X")+U50)/AA50)*$D50,"") -> 0.43923109 | I50: =IFERROR(((SUMIFS('2_LN_DadosExportados'!AP:AP,'2_LN_DadosExportados'!$V:$V,$C50,'2_LN_DadosExportados'!$A:$A,"X")+V50)/AB50)*$D50,"") -> 0.4339554 | J50: =IFERROR(((SUMIFS('2_LN_DadosExportados'!AQ:AQ,'2_LN_DadosExportados'!$V:$V,$C50,'2_LN_DadosExportados'!$A:$A,"X")+W50)/AC50)*$D50,"") -> 0.42324344 | K50: =IFERROR(R50/X50*$D50,"") -> 0.61958599 | L50: =IFERROR(S50/Y50*$D50,"") -> 0.50385219 | M50: =IFERROR(T50/Z50*$D50,"") -> 0.44703208 | N50: =IFERROR(U50/AA50*$D50,"") -> 0.43923109 | O50: =IFERROR(V50/AB50*$D50,"") -> 0.4339554 | P50: =IFERROR(W50/AC50*$D50,"") -> 0.42324344 | Q50: 90 | R50: 2415.14 | S50: 1961.29 | T50: 1931.42 | U50: 1901.55 | V50: 1871.68 | W50: 1841.82 | X50: =AD50*($Q50/100) -> 3897.99 | Y50: =AE50*($Q50/100) -> 3892.59 | Z50: =AF50*($Q50/100) -> 4320.54 | AA50: =AG50*($Q50/100) -> 4329.27 | AB50: =AH50*($Q50/100) -> 4313.07 | AC50: =AI50*($Q50/100) -> 4351.68 | AD50: 4331.1 | AE50: 4325.1 | AF50: 4800.6 | AG50: 4810.3 | AH50: 4792.3 | AI50: 4835.2 | AJ50: 545820 | AK50: 450000 | AL50: 450000 | AM50: 450000 | AN50: 450000 | AO50: 450000 | AP50: =IFERROR(VLOOKUP(C50,'2_LN_DadosExportados'!V:V,1,FALSE),"") | AQ50: {=IF(AND(ISERR(FIND("sim",INDEX('existencia de wc'!K$2:K$193,MATCH('3_Industrial_Plan_Idash'!C50,'existencia de wc'!B$2:B$192,0))))=FALSE,SUMPRODUCT(('2_LN_DadosExportados'!V$2:V$314='3_Industrial_Plan_Idash'!C50)*('2_LN_DadosExportados'!A$2:A$314="X"))>0), "MOSTRAR","")}
A51: =IF(OR(E51>=D51,F51>=D51,G51>=D51,H51>=D51,I51>=D51,J51>=D51),"INVEST","OK") -> INVEST | B51: HOR-6320 | C51: WC - Ret Wolters AC700-F D.F. | D51: 1 | E51: =IFERROR(((SUMIFS('2_LN_DadosExportados'!AL:AL,'2_LN_DadosExportados'!$V:$V,$C51,'2_LN_DadosExportados'!$A:$A,"X")+R51)/X51)*$D51,"") -> 0.98377164 | F51: =IFERROR(((SUMIFS('2_LN_DadosExportados'!AM:AM,'2_LN_DadosExportados'!$V:$V,$C51,'2_LN_DadosExportados'!$A:$A,"X")+S51)/Y51)*$D51,"") -> 1.2155297 | G51: =IFERROR(((SUMIFS('2_LN_DadosExportados'!AN:AN,'2_LN_DadosExportados'!$V:$V,$C51,'2_LN_DadosExportados'!$A:$A,"X")+T51)/Z51)*$D51,"") -> 1.304603 | H51: =IFERROR(((SUMIFS('2_LN_DadosExportados'!AO:AO,'2_LN_DadosExportados'!$V:$V,$C51,'2_LN_DadosExportados'!$A:$A,"X")+U51)/AA51)*$D51,"") -> 1.395827 | I51: =IFERROR(((SUMIFS('2_LN_DadosExportados'!AP:AP,'2_LN_DadosExportados'!$V:$V,$C51,'2_LN_DadosExportados'!$A:$A,"X")+V51)/AB51)*$D51,"") -> 1.5642649 | J51: =IFERROR(((SUMIFS('2_LN_DadosExportados'!AQ:AQ,'2_LN_DadosExportados'!$V:$V,$C51,'2_LN_DadosExportados'!$A:$A,"X")+W51)/AC51)*$D51,"") -> 1.6307826 | K51: =IFERROR(R51/X51*$D51,"") -> 0.98377164 | L51: =IFERROR(S51/Y51*$D51,"") -> 1.2155297 | M51: =IFERROR(T51/Z51*$D51,"") -> 1.304603 | N51: =IFERROR(U51/AA51*$D51,"") -> 1.395827 | O51: =IFERROR(V51/AB51*$D51,"") -> 1.5642649 | P51: =IFERROR(W51/AC51*$D51,"") -> 1.6307826 | Q51: 75 | R51: 3195.61 | S51: =3387.41+555.5556 -> 3942.9656 | T51: =4419.38+277.77778 -> 4697.1578 | U51: 5035.76 | V51: 5622.32 | W51: 5913.87 | X51: =AD51*($Q51/100) -> 3248.325 | Y51: =AE51*($Q51/100) -> 3243.825 | Z51: =AF51*($Q51/100) -> 3600.45 | AA51: =AG51*($Q51/100) -> 3607.725 | AB51: =AH51*($Q51/100) -> 3594.225 | AC51: =AI51*($Q51/100) -> 3626.4 | AD51: 4331.1 | AE51: 4325.1 | AF51: 4800.6 | AG51: 4810.3 | AH51: 4792.3 | AI51: 4835.2 | AJ51: 1312131 | AK51: 1255125 | AL51: 1531639 | AM51: 1737704 | AN51: 1940838 | AO51: 2045708 | AP51: =IFERROR(VLOOKUP(C51,'2_LN_DadosExportados'!V:V,1,FALSE),"") | AQ51: {=IF(AND(ISERR(FIND("sim",INDEX('existencia de wc'!K$2:K$193,MATCH('3_Industrial_Plan_Idash'!C51,'existencia de wc'!B$2:B$192,0))))=FALSE,SUMPRODUCT(('2_LN_DadosExportados'!V$2:V$314='3_Industrial_Plan_Idash'!C51)*('2_LN_DadosExportados'!A$2:A$314="X"))>0), "MOSTRAR","")}
A52: =IF(OR(E52>=D52,F52>=D52,G52>=D52,H52>=D52,I52>=D52,J52>=D52),"INVEST","OK") -> OK | B52: HOR-6401 | C52: WC - Lapidadora MPL 1/2 | D52: 2 | E52: =IFERROR(((SUMIFS('2_LN_DadosExportados'!AL:AL,'2_LN_DadosExportados'!$V:$V,$C52,'2_LN_DadosExportados'!$A:$A,"X")+R52)/X52)*$D52,"") -> 0.96103684 | F52: =IFERROR(((SUMIFS('2_LN_DadosExportados'!AM:AM,'2_LN_DadosExportados'!$V:$V,$C52,'2_LN_DadosExportados'!$A:$A,"X")+S52)/Y52)*$D52,"") -> 1.6221436 | G52: =IFERROR(((SUMIFS('2_LN_DadosExportados'!AN:AN,'2_LN_DadosExportados'!$V:$V,$C52,'2_LN_DadosExportados'!$A:$A,"X")+T52)/Z52)*$D52,"") -> 1.4392145 | H52: =IFERROR(((SUMIFS('2_LN_DadosExportados'!AO:AO,'2_LN_DadosExportados'!$V:$V,$C52,'2_LN_DadosExportados'!$A:$A,"X")+U52)/AA52)*$D52,"") -> 1.4140961 | I52: =IFERROR(((SUMIFS('2_LN_DadosExportados'!AP:AP,'2_LN_DadosExportados'!$V:$V,$C52,'2_LN_DadosExportados'!$A:$A,"X")+V52)/AB52)*$D52,"") -> 1.3971162 | J52: =IFERROR(((SUMIFS('2_LN_DadosExportados'!AQ:AQ,'2_LN_DadosExportados'!$V:$V,$C52,'2_LN_DadosExportados'!$A:$A,"X")+W52)/AC52)*$D52,"") -> 1.3626268 | K52: =IFERROR(R52/X52*$D52,"") -> 0.96103684 | L52: =IFERROR(S52/Y52*$D52,"") -> 1.6221436 | M52: =IFERROR(T52/Z52*$D52,"") -> 1.4392145 | N52: =IFERROR(U52/AA52*$D52,"") -> 1.4140961 | O52: =IFERROR(V52/AB52*$D52,"") -> 1.3971162 | P52: =IFERROR(W52/AC52*$D52,"") -> 1.3626268 | Q52: 75 | R52: 3121.76 | S52: 5261.95 | T52: 5181.82 | U52: 5101.67 | V52: 5021.55 | W52: 4941.43 | X52: =AD52*($Q52/100) -> 6496.65 | Y52: =AE52*($Q52/100) -> 6487.65 | Z52: =AF52*($Q52/100) -> 7200.9 | AA52: =AG52*($Q52/100) -> 7215.45 | AB52: =AH52*($Q52/100) -> 7188.45 | AC52: =AI52*($Q52/100) -> 7252.8 | AD52: 8662.2 | AE52: 8650.2 | AF52: 9601.2 | AG52: 9620.6 | AH52: 9584.6 | AI52: 9670.4 | AJ52: 624350 | AK52: 1065787 | AL52: 1065787 | AM52: 1065787 | AN52: 1065787 | AO52: 1065787 | AP52: =IFERROR(VLOOKUP(C52,'2_LN_DadosExportados'!V:V,1,FALSE),"") | AQ52: {=IF(AND(ISERR(FIND("sim",INDEX('existencia de wc'!K$2:K$193,MATCH('3_Industrial_Plan_Idash'!C52,'existencia de wc'!B$2:B$192,0))))=FALSE,SUMPRODUCT(('2_LN_DadosExportados'!V$2:V$314='3_Industrial_Plan_Idash'!C52)*('2_LN_DadosExportados'!A$2:A$314="X"))>0), "MOSTRAR","")}
A53: =IF(OR(E53>=D53,F53>=D53,G53>=D53,H53>=D53,I53>=D53,J53>=D53),"INVEST","OK") -> OK | B53: HOR-6403 | C53: WC - Lapidadora ENGC 1/2 - CNC | D53: 2 | E53: =IFERROR(((SUMIFS('2_LN_DadosExportados'!AL:AL,'2_LN_DadosExportados'!$V:$V,$C53,'2_LN_DadosExportados'!$A:$A,"X")+R53)/X53)*$D53,"") -> 0.82352905 | F53: =IFERROR(((SUMIFS('2_LN_DadosExportados'!AM:AM,'2_LN_DadosExportados'!$V:$V,$C53,'2_LN_DadosExportados'!$A:$A,"X")+S53)/Y53)*$D53,"") -> 1.4878269 | G53: =IFERROR(((SUMIFS('2_LN_DadosExportados'!AN:AN,'2_LN_DadosExportados'!$V:$V,$C53,'2_LN_DadosExportados'!$A:$A,"X")+T53)/Z53)*$D53,"") -> 1.3200433 | H53: =IFERROR(((SUMIFS('2_LN_DadosExportados'!AO:AO,'2_LN_DadosExportados'!$V:$V,$C53,'2_LN_DadosExportados'!$A:$A,"X")+U53)/AA53)*$D53,"") -> 1.2970057 | I53: =IFERROR(((SUMIFS('2_LN_DadosExportados'!AP:AP,'2_LN_DadosExportados'!$V:$V,$C53,'2_LN_DadosExportados'!$A:$A,"X")+V53)/AB53)*$D53,"") -> 1.2814362 | J53: =IFERROR(((SUMIFS('2_LN_DadosExportados'!AQ:AQ,'2_LN_DadosExportados'!$V:$V,$C53,'2_LN_DadosExportados'!$A:$A,"X")+W53)/AC53)*$D53,"") -> 1.2497959 | K53: =IFERROR(R53/X53*$D53,"") -> 0.82352905 | L53: =IFERROR(S53/Y53*$D53,"") -> 1.4878269 | M53: =IFERROR(T53/Z53*$D53,"") -> 1.3200433 | N53: =IFERROR(U53/AA53*$D53,"") -> 1.2970057 | O53: =IFERROR(V53/AB53*$D53,"") -> 1.2814362 | P53: =IFERROR(W53/AC53*$D53,"") -> 1.2497959 | Q53: 75 | R53: 2675.09 | S53: 4826.25 | T53: 4752.75 | U53: 4679.24 | V53: 4605.77 | W53: 4532.26 | X53: =AD53*($Q53/100) -> 6496.65 | Y53: =AE53*($Q53/100) -> 6487.65 | Z53: =AF53*($Q53/100) -> 7200.9 | AA53: =AG53*($Q53/100) -> 7215.45 | AB53: =AH53*($Q53/100) -> 7188.45 | AC53: =AI53*($Q53/100) -> 7252.8 | AD53: 8662.2 | AE53: 8650.2 | AF53: 9601.2 | AG53: 9620.6 | AH53: 9584.6 | AI53: 9670.4 | AJ53: 820942 | AK53: 1470270 | AL53: 1470270 | AM53: 1470270 | AN53: 1470270 | AO53: 1470270 | AP53: =IFERROR(VLOOKUP(C53,'2_LN_DadosExportados'!V:V,1,FALSE),"") | AQ53: {=IF(AND(ISERR(FIND("sim",INDEX('existencia de wc'!K$2:K$193,MATCH('3_Industrial_Plan_Idash'!C53,'existencia de wc'!B$2:B$192,0))))=FALSE,SUMPRODUCT(('2_LN_DadosExportados'!V$2:V$314='3_Industrial_Plan_Idash'!C53)*('2_LN_DadosExportados'!A$2:A$314="X"))>0), "MOSTRAR","")}
A54: =IF(OR(E54>=D54,F54>=D54,G54>=D54,H54>=D54,I54>=D54,J54>=D54),"INVEST","OK") -> OK | B54: HOR-6413 | C54: WC - Furadeira IBRATECH | D54: 1 | E54: =IFERROR(((SUMIFS('2_LN_DadosExportados'!AL:AL,'2_LN_DadosExportados'!$V:$V,$C54,'2_LN_DadosExportados'!$A:$A,"X")+R54)/X54)*$D54,"") -> 0.23747985 | F54: =IFERROR(((SUMIFS('2_LN_DadosExportados'!AM:AM,'2_LN_DadosExportados'!$V:$V,$C54,'2_LN_DadosExportados'!$A:$A,"X")+S54)/Y54)*$D54,"") -> 0.038392947 | G54: =IFERROR(((SUMIFS('2_LN_DadosExportados'!AN:AN,'2_LN_DadosExportados'!$V:$V,$C54,'2_LN_DadosExportados'!$A:$A,"X")+T54)/Z54)*$D54,"") -> 0.033940098 | H54: =IFERROR(((SUMIFS('2_LN_DadosExportados'!AO:AO,'2_LN_DadosExportados'!$V:$V,$C54,'2_LN_DadosExportados'!$A:$A,"X")+U54)/AA54)*$D54,"") -> 0.033467074 | I54: =IFERROR(((SUMIFS('2_LN_DadosExportados'!AP:AP,'2_LN_DadosExportados'!$V:$V,$C54,'2_LN_DadosExportados'!$A:$A,"X")+V54)/AB54)*$D54,"") -> 0.032947993 | J54: =IFERROR(((SUMIFS('2_LN_DadosExportados'!AQ:AQ,'2_LN_DadosExportados'!$V:$V,$C54,'2_LN_DadosExportados'!$A:$A,"X")+W54)/AC54)*$D54,"") -> 0.032134639 | K54: =IFERROR(R54/X54*$D54,"") -> 0.23747985 | L54: =IFERROR(S54/Y54*$D54,"") -> 0.038392947 | M54: =IFERROR(T54/Z54*$D54,"") -> 0.033940098 | N54: =IFERROR(U54/AA54*$D54,"") -> 0.033467074 | O54: =IFERROR(V54/AB54*$D54,"") -> 0.032947993 | P54: =IFERROR(W54/AC54*$D54,"") -> 0.032134639 | Q54: 75 | R54: 821.14 | S54: 124.54 | T54: 122.64 | U54: 120.74 | V54: 118.85 | W54: 116.95 | X54: =AD54*($Q54/100) -> 3457.725 | Y54: =AE54*($Q54/100) -> 3243.825 | Z54: =AF54*($Q54/100) -> 3613.425 | AA54: =AG54*($Q54/100) -> 3607.725 | AB54: =AH54*($Q54/100) -> 3607.2 | AC54: =AI54*($Q54/100) -> 3639.375 | AD54: 4610.3 | AE54: 4325.1 | AF54: 4817.9 | AG54: 4810.3 | AH54: 4809.6 | AI54: 4852.5 | AJ54: 295020 | AK54: 45425 | AL54: 45425 | AM54: 45425 | AN54: 45425 | AO54: 45425 | AP54: =IFERROR(VLOOKUP(C54,'2_LN_DadosExportados'!V:V,1,FALSE),"") | AQ54: {=IF(AND(ISERR(FIND("sim",INDEX('existencia de wc'!K$2:K$193,MATCH('3_Industrial_Plan_Idash'!C54,'existencia de wc'!B$2:B$192,0))))=FALSE,SUMPRODUCT(('2_LN_DadosExportados'!V$2:V$314='3_Industrial_Plan_Idash'!C54)*('2_LN_DadosExportados'!A$2:A$314="X"))>0), "MOSTRAR","")}
A55: =IF(OR(E55>=D55,F55>=D55,G55>=D55,H55>=D55,I55>=D55,J55>=D55),"INVEST","OK") -> OK | B55: HOR-6414 | C55: WC - Rosqueadeira 789 | D55: 1 | E55: =IFERROR(((SUMIFS('2_LN_DadosExportados'!AL:AL,'2_LN_DadosExportados'!$V:$V,$C55,'2_LN_DadosExportados'!$A:$A,"X")+R55)/X55)*$D55,"") -> 0.2281699 | F55: =IFERROR(((SUMIFS('2_LN_DadosExportados'!AM:AM,'2_LN_DadosExportados'!$V:$V,$C55,'2_LN_DadosExportados'!$A:$A,"X")+S55)/Y55)*$D55,"") -> 0.16237004 | G55: =IFERROR(((SUMIFS('2_LN_DadosExportados'!AN:AN,'2_LN_DadosExportados'!$V:$V,$C55,'2_LN_DadosExportados'!$A:$A,"X")+T55)/Z55)*$D55,"") -> 0.14405977 | H55: =IFERROR(((SUMIFS('2_LN_DadosExportados'!AO:AO,'2_LN_DadosExportados'!$V:$V,$C55,'2_LN_DadosExportados'!$A:$A,"X")+U55)/AA55)*$D55,"") -> 0.14154627 | I55: =IFERROR(((SUMIFS('2_LN_DadosExportados'!AP:AP,'2_LN_DadosExportados'!$V:$V,$C55,'2_LN_DadosExportados'!$A:$A,"X")+V55)/AB55)*$D55,"") -> 0.13984656 | J55: =IFERROR(((SUMIFS('2_LN_DadosExportados'!AQ:AQ,'2_LN_DadosExportados'!$V:$V,$C55,'2_LN_DadosExportados'!$A:$A,"X")+W55)/AC55)*$D55,"") -> 0.13639422 | K55: =IFERROR(R55/X55*$D55,"") -> 0.2281699 | L55: =IFERROR(S55/Y55*$D55,"") -> 0.16237004 | M55: =IFERROR(T55/Z55*$D55,"") -> 0.14405977 | N55: =IFERROR(U55/AA55*$D55,"") -> 0.14154627 | O55: =IFERROR(V55/AB55*$D55,"") -> 0.13984656 | P55: =IFERROR(W55/AC55*$D55,"") -> 0.13639422 | Q55: 75 | R55: 741.17 | S55: 526.7 | T55: 518.68 | U55: 510.66 | V55: 502.64 | W55: 494.62 | X55: =AD55*($Q55/100) -> 3248.325 | Y55: =AE55*($Q55/100) -> 3243.825 | Z55: =AF55*($Q55/100) -> 3600.45 | AA55: =AG55*($Q55/100) -> 3607.725 | AB55: =AH55*($Q55/100) -> 3594.225 | AC55: =AI55*($Q55/100) -> 3626.4 | AD55: 4331.1 | AE55: 4325.1 | AF55: 4800.6 | AG55: 4810.3 | AH55: 4792.3 | AI55: 4835.2 | AJ55: 106728 | AK55: 77000 | AL55: 77000 | AM55: 77000 | AN55: 77000 | AO55: 77000 | AP55: =IFERROR(VLOOKUP(C55,'2_LN_DadosExportados'!V:V,1,FALSE),"") | AQ55: {=IF(AND(ISERR(FIND("sim",INDEX('existencia de wc'!K$2:K$193,MATCH('3_Industrial_Plan_Idash'!C55,'existencia de wc'!B$2:B$192,0))))=FALSE,SUMPRODUCT(('2_LN_DadosExportados'!V$2:V$314='3_Industrial_Plan_Idash'!C55)*('2_LN_DadosExportados'!A$2:A$314="X"))>0), "MOSTRAR","")}
A56: =IF(OR(E56>=D56,F56>=D56,G56>=D56,H56>=D56,I56>=D56,J56>=D56),"INVEST","OK") -> OK | B56: HOR-6502 | C56: WC - Usi Romi Discov e Chiron | D56: 1 | E56: =IFERROR(((SUMIFS('2_LN_DadosExportados'!AL:AL,'2_LN_DadosExportados'!$V:$V,$C56,'2_LN_DadosExportados'!$A:$A,"X")+R56)/X56)*$D56,"") -> 0.0063567808 | F56: =IFERROR(((SUMIFS('2_LN_DadosExportados'!AM:AM,'2_LN_DadosExportados'!$V:$V,$C56,'2_LN_DadosExportados'!$A:$A,"X")+S56)/Y56)*$D56,"") -> 0.010487619 | G56: =IFERROR(((SUMIFS('2_LN_DadosExportados'!AN:AN,'2_LN_DadosExportados'!$V:$V,$C56,'2_LN_DadosExportados'!$A:$A,"X")+T56)/Z56)*$D56,"") -> 0.43416426 | H56: =IFERROR(((SUMIFS('2_LN_DadosExportados'!AO:AO,'2_LN_DadosExportados'!$V:$V,$C56,'2_LN_DadosExportados'!$A:$A,"X")+U56)/AA56)*$D56,"") -> 0.57009889 | I56: =IFERROR(((SUMIFS('2_LN_DadosExportados'!AP:AP,'2_LN_DadosExportados'!$V:$V,$C56,'2_LN_DadosExportados'!$A:$A,"X")+V56)/AB56)*$D56,"") -> 0.70099246 | J56: =IFERROR(((SUMIFS('2_LN_DadosExportados'!AQ:AQ,'2_LN_DadosExportados'!$V:$V,$C56,'2_LN_DadosExportados'!$A:$A,"X")+W56)/AC56)*$D56,"") -> 0.82002542 | K56: =IFERROR(R56/X56*$D56,"") -> 0.0063567808 | L56: =IFERROR(S56/Y56*$D56,"") -> 0.010487619 | M56: =IFERROR(T56/Z56*$D56,"") -> 0.43416426 | N56: =IFERROR(U56/AA56*$D56,"") -> 0.57009889 | O56: =IFERROR(V56/AB56*$D56,"") -> 0.70099246 | P56: =IFERROR(W56/AC56*$D56,"") -> 0.82002542 | Q56: 75 | R56: 21.98 | S56: 34.02 | T56: 1568.82 | U56: 2056.76 | V56: 2528.62 | W56: 2984.38 | X56: =AD56*($Q56/100) -> 3457.725 | Y56: =AE56*($Q56/100) -> 3243.825 | Z56: =AF56*($Q56/100) -> 3613.425 | AA56: =AG56*($Q56/100) -> 3607.725 | AB56: =AH56*($Q56/100) -> 3607.2 | AC56: =AI56*($Q56/100) -> 3639.375 | AD56: 4610.3 | AE56: 4325.1 | AF56: 4817.9 | AG56: 4810.3 | AH56: 4809.6 | AI56: 4852.5 | AJ56: 2000 | AK56: 3668 | AL56: 179358 | AM56: 238892 | AN56: 298426 | AO56: 357959 | AP56: =IFERROR(VLOOKUP(C56,'2_LN_DadosExportados'!V:V,1,FALSE),"") | AQ56: {=IF(AND(ISERR(FIND("sim",INDEX('existencia de wc'!K$2:K$193,MATCH('3_Industrial_Plan_Idash'!C56,'existencia de wc'!B$2:B$192,0))))=FALSE,SUMPRODUCT(('2_LN_DadosExportados'!V$2:V$314='3_Industrial_Plan_Idash'!C56)*('2_LN_DadosExportados'!A$2:A$314="X"))>0), "MOSTRAR","")}
A57: =IF(OR(E57>=D57,F57>=D57,G57>=D57,H57>=D57,I57>=D57,J57>=D57),"INVEST","OK") -> OK | B57: HOR-7300 | C57: WC - Oleamento | D57: 4 | E57: =IFERROR(((SUMIFS('2_LN_DadosExportados'!AL:AL,'2_LN_DadosExportados'!$V:$V,$C57,'2_LN_DadosExportados'!$A:$A,"X")+R57)/X57)*$D57,"") -> 1.1704109 | F57: =IFERROR(((SUMIFS('2_LN_DadosExportados'!AM:AM,'2_LN_DadosExportados'!$V:$V,$C57,'2_LN_DadosExportados'!$A:$A,"X")+S57)/Y57)*$D57,"") -> 1.2985647 | G57: =IFERROR(((SUMIFS('2_LN_DadosExportados'!AN:AN,'2_LN_DadosExportados'!$V:$V,$C57,'2_LN_DadosExportados'!$A:$A,"X")+T57)/Z57)*$D57,"") -> 1.1815954 | H57: =IFERROR(((SUMIFS('2_LN_DadosExportados'!AO:AO,'2_LN_DadosExportados'!$V:$V,$C57,'2_LN_DadosExportados'!$A:$A,"X")+U57)/AA57)*$D57,"") -> 1.2325057 | I57: =IFERROR(((SUMIFS('2_LN_DadosExportados'!AP:AP,'2_LN_DadosExportados'!$V:$V,$C57,'2_LN_DadosExportados'!$A:$A,"X")+V57)/AB57)*$D57,"") -> 1.2873359 | J57: =IFERROR(((SUMIFS('2_LN_DadosExportados'!AQ:AQ,'2_LN_DadosExportados'!$V:$V,$C57,'2_LN_DadosExportados'!$A:$A,"X")+W57)/AC57)*$D57,"") -> 1.2793749 | K57: =IFERROR(R57/X57*$D57,"") -> 1.1704109 | L57: =IFERROR(S57/Y57*$D57,"") -> 1.2985647 | M57: =IFERROR(T57/Z57*$D57,"") -> 1.1815954 | N57: =IFERROR(U57/AA57*$D57,"") -> 1.2325057 | O57: =IFERROR(V57/AB57*$D57,"") -> 1.2873359 | P57: =IFERROR(W57/AC57*$D57,"") -> 1.2793749 | Q57: 90 | R57: 4562.25 | S57: 5054.78 | T57: 5105.13 | U57: 5335.85 | V57: 5552.37 | W57: 5567.43 | X57: =AD57*($Q57/100) -> 15591.96 | Y57: =AE57*($Q57/100) -> 15570.36 | Z57: =AF57*($Q57/100) -> 17282.16 | AA57: =AG57*($Q57/100) -> 17317.08 | AB57: =AH57*($Q57/100) -> 17252.28 | AC57: =AI57*($Q57/100) -> 17406.72 | AD57: 17324.4 | AE57: 17300.4 | AF57: 19202.4 | AG57: 19241.2 | AH57: 19169.2 | AI57: 19340.8 | AJ57: 17285098 | AK57: 14368871 | AL57: 14577078 | AM57: 14924532 | AN57: 15270835 | AO57: 15430967 | AP57: =IFERROR(VLOOKUP(C57,'2_LN_DadosExportados'!V:V,1,FALSE),"") -> WC - Oleamento | AQ57: {=IF(AND(ISERR(FIND("sim",INDEX('existencia de wc'!K$2:K$193,MATCH('3_Industrial_Plan_Idash'!C57,'existencia de wc'!B$2:B$192,0))))=FALSE,SUMPRODUCT(('2_LN_DadosExportados'!V$2:V$314='3_Industrial_Plan_Idash'!C57)*('2_LN_DadosExportados'!A$2:A$314="X"))>0), "MOSTRAR","")}
A58: =IF(OR(E58>=D58,F58>=D58,G58>=D58,H58>=D58,I58>=D58,J58>=D58),"INVEST","OK") -> OK | B58: HOR-7500 | C58: WC - Vib Spiratron 1/2 | D58: 1 | E58: =IFERROR(((SUMIFS('2_LN_DadosExportados'!AL:AL,'2_LN_DadosExportados'!$V:$V,$C58,'2_LN_DadosExportados'!$A:$A,"X")+R58)/X58)*$D58,"") -> 0.32417028 | F58: =IFERROR(((SUMIFS('2_LN_DadosExportados'!AM:AM,'2_LN_DadosExportados'!$V:$V,$C58,'2_LN_DadosExportados'!$A:$A,"X")+S58)/Y58)*$D58,"") -> 0.30914121 | G58: =IFERROR(((SUMIFS('2_LN_DadosExportados'!AN:AN,'2_LN_DadosExportados'!$V:$V,$C58,'2_LN_DadosExportados'!$A:$A,"X")+T58)/Z58)*$D58,"") -> 0.27289667 | H58: =IFERROR(((SUMIFS('2_LN_DadosExportados'!AO:AO,'2_LN_DadosExportados'!$V:$V,$C58,'2_LN_DadosExportados'!$A:$A,"X")+U58)/AA58)*$D58,"") -> 0.26870812 | I58: =IFERROR(((SUMIFS('2_LN_DadosExportados'!AP:AP,'2_LN_DadosExportados'!$V:$V,$C58,'2_LN_DadosExportados'!$A:$A,"X")+V58)/AB58)*$D58,"") -> 0.26412915 | J58: =IFERROR(((SUMIFS('2_LN_DadosExportados'!AQ:AQ,'2_LN_DadosExportados'!$V:$V,$C58,'2_LN_DadosExportados'!$A:$A,"X")+W58)/AC58)*$D58,"") -> 0.25743202 | K58: =IFERROR(R58/X58*$D58,"") -> 0.32417028 | L58: =IFERROR(S58/Y58*$D58,"") -> 0.30914121 | M58: =IFERROR(T58/Z58*$D58,"") -> 0.27289667 | N58: =IFERROR(U58/AA58*$D58,"") -> 0.26870812 | O58: =IFERROR(V58/AB58*$D58,"") -> 0.26412915 | P58: =IFERROR(W58/AC58*$D58,"") -> 0.25743202 | Q58: 90 | R58: 1345.07 | S58: 1203.36 | T58: 1183.31 | U58: 1163.31 | V58: 1143.32 | W58: 1124.27 | X58: =AD58*($Q58/100) -> 4149.27 | Y58: =AE58*($Q58/100) -> 3892.59 | Z58: =AF58*($Q58/100) -> 4336.11 | AA58: =AG58*($Q58/100) -> 4329.27 | AB58: =AH58*($Q58/100) -> 4328.64 | AC58: =AI58*($Q58/100) -> 4367.25 | AD58: 4610.3 | AE58: 4325.1 | AF58: 4817.9 | AG58: 4810.3 | AH58: 4809.6 | AI58: 4852.5 | AJ58: 14036722 | AK58: 8397478 | AL58: 8290058 | AM58: 8182639 | AN58: 8075219 | AO58: 8021509 | AP58: =IFERROR(VLOOKUP(C58,'2_LN_DadosExportados'!V:V,1,FALSE),"") | AQ58: {=IF(AND(ISERR(FIND("sim",INDEX('existencia de wc'!K$2:K$193,MATCH('3_Industrial_Plan_Idash'!C58,'existencia de wc'!B$2:B$192,0))))=FALSE,SUMPRODUCT(('2_LN_DadosExportados'!V$2:V$314='3_Industrial_Plan_Idash'!C58)*('2_LN_DadosExportados'!A$2:A$314="X"))>0), "MOSTRAR","")}
A59: =IF(OR(E59>=D59,F59>=D59,G59>=D59,H59>=D59,I59>=D59,J59>=D59),"INVEST","OK") -> OK | B59: HOR-7501 | C59: WC - Vib Rosler e Otocarva | D59: 1 | E59: =IFERROR(((SUMIFS('2_LN_DadosExportados'!AL:AL,'2_LN_DadosExportados'!$V:$V,$C59,'2_LN_DadosExportados'!$A:$A,"X")+R59)/X59)*$D59,"") -> 0.43370762 | F59: =IFERROR(((SUMIFS('2_LN_DadosExportados'!AM:AM,'2_LN_DadosExportados'!$V:$V,$C59,'2_LN_DadosExportados'!$A:$A,"X")+S59)/Y59)*$D59,"") -> 0.60274008 | G59: =IFERROR(((SUMIFS('2_LN_DadosExportados'!AN:AN,'2_LN_DadosExportados'!$V:$V,$C59,'2_LN_DadosExportados'!$A:$A,"X")+T59)/Z59)*$D59,"") -> 0.52501897 | H59: =IFERROR(((SUMIFS('2_LN_DadosExportados'!AO:AO,'2_LN_DadosExportados'!$V:$V,$C59,'2_LN_DadosExportados'!$A:$A,"X")+U59)/AA59)*$D59,"") -> 0.52697799 | I59: =IFERROR(((SUMIFS('2_LN_DadosExportados'!AP:AP,'2_LN_DadosExportados'!$V:$V,$C59,'2_LN_DadosExportados'!$A:$A,"X")+V59)/AB59)*$D59,"") -> 0.52835071 | J59: =IFERROR(((SUMIFS('2_LN_DadosExportados'!AQ:AQ,'2_LN_DadosExportados'!$V:$V,$C59,'2_LN_DadosExportados'!$A:$A,"X")+W59)/AC59)*$D59,"") -> 0.52514053 | K59: =IFERROR(R59/X59*$D59,"") -> 0.43370762 | L59: =IFERROR(S59/Y59*$D59,"") -> 0.60274008 | M59: =IFERROR(T59/Z59*$D59,"") -> 0.52501897 | N59: =IFERROR(U59/AA59*$D59,"") -> 0.52697799 | O59: =IFERROR(V59/AB59*$D59,"") -> 0.52835071 | P59: =IFERROR(W59/AC59*$D59,"") -> 0.52514053 | Q59: 90 | R59: 1799.57 | S59: 2346.22 | T59: 2276.54 | U59: 2281.43 | V59: 2287.04 | W59: 2293.42 | X59: =AD59*($Q59/100) -> 4149.27 | Y59: =AE59*($Q59/100) -> 3892.59 | Z59: =AF59*($Q59/100) -> 4336.11 | AA59: =AG59*($Q59/100) -> 4329.27 | AB59: =AH59*($Q59/100) -> 4328.64 | AC59: =AI59*($Q59/100) -> 4367.25 | AD59: 4610.3 | AE59: 4325.1 | AF59: 4817.9 | AG59: 4810.3 | AH59: 4809.6 | AI59: 4852.5 | AJ59: 3793747 | AK59: 4861073 | AL59: 4957073 | AM59: 5083073 | AN59: 5215373 | AO59: 5354289 | AP59: =IFERROR(VLOOKUP(C59,'2_LN_DadosExportados'!V:V,1,FALSE),"") -> WC - Vib Rosler e Otocarva | AQ59: {=IF(AND(ISERR(FIND("sim",INDEX('existencia de wc'!K$2:K$193,MATCH('3_Industrial_Plan_Idash'!C59,'existencia de wc'!B$2:B$192,0))))=FALSE,SUMPRODUCT(('2_LN_DadosExportados'!V$2:V$314='3_Industrial_Plan_Idash'!C59)*('2_LN_DadosExportados'!A$2:A$314="X"))>0), "MOSTRAR","")}
A60: =IF(OR(E60>=D60,F60>=D60,G60>=D60,H60>=D60,I60>=D60,J60>=D60),"INVEST","OK") -> OK | B60: HOR-7502 | C60: WC - Vib Total Finish Esferas | D60: 1 | E60: =IFERROR(((SUMIFS('2_LN_DadosExportados'!AL:AL,'2_LN_DadosExportados'!$V:$V,$C60,'2_LN_DadosExportados'!$A:$A,"X")+R60)/X60)*$D60,"") -> 0.18432158 | F60: =IFERROR(((SUMIFS('2_LN_DadosExportados'!AM:AM,'2_LN_DadosExportados'!$V:$V,$C60,'2_LN_DadosExportados'!$A:$A,"X")+S60)/Y60)*$D60,"") -> 0.15430086 | G60: =IFERROR(((SUMIFS('2_LN_DadosExportados'!AN:AN,'2_LN_DadosExportados'!$V:$V,$C60,'2_LN_DadosExportados'!$A:$A,"X")+T60)/Z60)*$D60,"") -> 0.13217377 | H60: =IFERROR(((SUMIFS('2_LN_DadosExportados'!AO:AO,'2_LN_DadosExportados'!$V:$V,$C60,'2_LN_DadosExportados'!$A:$A,"X")+U60)/AA60)*$D60,"") -> 0.12911415 | I60: =IFERROR(((SUMIFS('2_LN_DadosExportados'!AP:AP,'2_LN_DadosExportados'!$V:$V,$C60,'2_LN_DadosExportados'!$A:$A,"X")+V60)/AB60)*$D60,"") -> 0.12611582 | J60: =IFERROR(((SUMIFS('2_LN_DadosExportados'!AQ:AQ,'2_LN_DadosExportados'!$V:$V,$C60,'2_LN_DadosExportados'!$A:$A,"X")+W60)/AC60)*$D60,"") -> 0.12300876 | K60: =IFERROR(R60/X60*$D60,"") -> 0.18432158 | L60: =IFERROR(S60/Y60*$D60,"") -> 0.15430086 | M60: =IFERROR(T60/Z60*$D60,"") -> 0.13217377 | N60: =IFERROR(U60/AA60*$D60,"") -> 0.12911415 | O60: =IFERROR(V60/AB60*$D60,"") -> 0.12611582 | P60: =IFERROR(W60/AC60*$D60,"") -> 0.12300876 | Q60: 90 | R60: 764.8 | S60: 600.63 | T60: 573.12 | U60: 558.97 | V60: 545.91 | W60: 537.21 | X60: =AD60*($Q60/100) -> 4149.27 | Y60: =AE60*($Q60/100) -> 3892.59 | Z60: =AF60*($Q60/100) -> 4336.11 | AA60: =AG60*($Q60/100) -> 4329.27 | AB60: =AH60*($Q60/100) -> 4328.64 | AC60: =AI60*($Q60/100) -> 4367.25 | AD60: 4610.3 | AE60: 4325.1 | AF60: 4817.9 | AG60: 4810.3 | AH60: 4809.6 | AI60: 4852.5 | AJ60: 1284901 | AK60: 900258 | AL60: 870817 | AM60: 862209 | AN60: 855162 | AO60: 855162 | AP60: =IFERROR(VLOOKUP(C60,'2_LN_DadosExportados'!V:V,1,FALSE),"") | AQ60: {=IF(AND(ISERR(FIND("sim",INDEX('existencia de wc'!K$2:K$193,MATCH('3_Industrial_Plan_Idash'!C60,'existencia de wc'!B$2:B$192,0))))=FALSE,SUMPRODUCT(('2_LN_DadosExportados'!V$2:V$314='3_Industrial_Plan_Idash'!C60)*('2_LN_DadosExportados'!A$2:A$314="X"))>0), "MOSTRAR","")}
A61: =IF(OR(E61>=D61,F61>=D61,G61>=D61,H61>=D61,I61>=D61,J61>=D61),"INVEST","OK") -> OK | B61: HOR-7510 | C61: WC - Jateadora Blastibras | D61: 1 | E61: =IFERROR(((SUMIFS('2_LN_DadosExportados'!AL:AL,'2_LN_DadosExportados'!$V:$V,$C61,'2_LN_DadosExportados'!$A:$A,"X")+R61)/X61)*$D61,"") -> 0.34521012 | F61: =IFERROR(((SUMIFS('2_LN_DadosExportados'!AM:AM,'2_LN_DadosExportados'!$V:$V,$C61,'2_LN_DadosExportados'!$A:$A,"X")+S61)/Y61)*$D61,"") -> 0.37900986 | G61: =IFERROR(((SUMIFS('2_LN_DadosExportados'!AN:AN,'2_LN_DadosExportados'!$V:$V,$C61,'2_LN_DadosExportados'!$A:$A,"X")+T61)/Z61)*$D61,"") -> 0.33506299 | H61: =IFERROR(((SUMIFS('2_LN_DadosExportados'!AO:AO,'2_LN_DadosExportados'!$V:$V,$C61,'2_LN_DadosExportados'!$A:$A,"X")+U61)/AA61)*$D61,"") -> 0.33039981 | I61: =IFERROR(((SUMIFS('2_LN_DadosExportados'!AP:AP,'2_LN_DadosExportados'!$V:$V,$C61,'2_LN_DadosExportados'!$A:$A,"X")+V61)/AB61)*$D61,"") -> 0.32525689 | J61: =IFERROR(((SUMIFS('2_LN_DadosExportados'!AQ:AQ,'2_LN_DadosExportados'!$V:$V,$C61,'2_LN_DadosExportados'!$A:$A,"X")+W61)/AC61)*$D61,"") -> 0.31723625 | K61: =IFERROR(R61/X61*$D61,"") -> 0.34521012 | L61: =IFERROR(S61/Y61*$D61,"") -> 0.37900986 | M61: =IFERROR(T61/Z61*$D61,"") -> 0.33506299 | N61: =IFERROR(U61/AA61*$D61,"") -> 0.33039981 | O61: =IFERROR(V61/AB61*$D61,"") -> 0.32525689 | P61: =IFERROR(W61/AC61*$D61,"") -> 0.31723625 | Q61: 90 | R61: 1432.37 | S61: 1475.33 | T61: 1452.87 | U61: 1430.39 | V61: 1407.92 | W61: 1385.45 | X61: =AD61*($Q61/100) -> 4149.27 | Y61: =AE61*($Q61/100) -> 3892.59 | Z61: =AF61*($Q61/100) -> 4336.11 | AA61: =AG61*($Q61/100) -> 4329.27 | AB61: =AH61*($Q61/100) -> 4328.64 | AC61: =AI61*($Q61/100) -> 4367.25 | AD61: 4610.3 | AE61: 4325.1 | AF61: 4817.9 | AG61: 4810.3 | AH61: 4809.6 | AI61: 4852.5 | AJ61: 3217339 | AK61: 3076193 | AL61: 3076193 | AM61: 3076193 | AN61: 3076193 | AO61: 3076193 | AP61: =IFERROR(VLOOKUP(C61,'2_LN_DadosExportados'!V:V,1,FALSE),"") | AQ61: {=IF(AND(ISERR(FIND("sim",INDEX('existencia de wc'!K$2:K$193,MATCH('3_Industrial_Plan_Idash'!C61,'existencia de wc'!B$2:B$192,0))))=FALSE,SUMPRODUCT(('2_LN_DadosExportados'!V$2:V$314='3_Industrial_Plan_Idash'!C61)*('2_LN_DadosExportados'!A$2:A$314="X"))>0), "MOSTRAR","")}
A62: =IF(OR(E62>=D62,F62>=D62,G62>=D62,H62>=D62,I62>=D62,J62>=D62),"INVEST","OK") -> OK | B62: HOR-7520 | C62: WC - Escovação Automát. Biela | D62: 1 | E62: =IFERROR(((SUMIFS('2_LN_DadosExportados'!AL:AL,'2_LN_DadosExportados'!$V:$V,$C62,'2_LN_DadosExportados'!$A:$A,"X")+R62)/X62)*$D62,"") -> 0.049671388 | F62: =IFERROR(((SUMIFS('2_LN_DadosExportados'!AM:AM,'2_LN_DadosExportados'!$V:$V,$C62,'2_LN_DadosExportados'!$A:$A,"X")+S62)/Y62)*$D62,"") -> 0.049690793 | G62: =IFERROR(((SUMIFS('2_LN_DadosExportados'!AN:AN,'2_LN_DadosExportados'!$V:$V,$C62,'2_LN_DadosExportados'!$A:$A,"X")+T62)/Z62)*$D62,"") -> 0.043929318 | H62: =IFERROR(((SUMIFS('2_LN_DadosExportados'!AO:AO,'2_LN_DadosExportados'!$V:$V,$C62,'2_LN_DadosExportados'!$A:$A,"X")+U62)/AA62)*$D62,"") -> 0.043316364 | I62: =IFERROR(((SUMIFS('2_LN_DadosExportados'!AP:AP,'2_LN_DadosExportados'!$V:$V,$C62,'2_LN_DadosExportados'!$A:$A,"X")+V62)/AB62)*$D62,"") -> 0.042642656 | J62: =IFERROR(((SUMIFS('2_LN_DadosExportados'!AQ:AQ,'2_LN_DadosExportados'!$V:$V,$C62,'2_LN_DadosExportados'!$A:$A,"X")+W62)/AC62)*$D62,"") -> 0.04159166 | K62: =IFERROR(R62/X62*$D62,"") -> 0.049671388 | L62: =IFERROR(S62/Y62*$D62,"") -> 0.049690793 | M62: =IFERROR(T62/Z62*$D62,"") -> 0.043929318 | N62: =IFERROR(U62/AA62*$D62,"") -> 0.043316364 | O62: =IFERROR(V62/AB62*$D62,"") -> 0.042642656 | P62: =IFERROR(W62/AC62*$D62,"") -> 0.04159166 | Q62: 85 | R62: 194.65 | S62: 182.68 | T62: 179.9 | U62: 177.11 | V62: 174.33 | W62: 171.55 | X62: =AD62*($Q62/100) -> 3918.755 | Y62: =AE62*($Q62/100) -> 3676.335 | Z62: =AF62*($Q62/100) -> 4095.215 | AA62: =AG62*($Q62/100) -> 4088.755 | AB62: =AH62*($Q62/100) -> 4088.16 | AC62: =AI62*($Q62/100) -> 4124.625 | AD62: 4610.3 | AE62: 4325.1 | AF62: 4817.9 | AG62: 4810.3 | AH62: 4809.6 | AI62: 4852.5 | AJ62: 350369 | AK62: 333831 | AL62: 333831 | AM62: 333831 | AN62: 333831 | AO62: 333831 | AP62: =IFERROR(VLOOKUP(C62,'2_LN_DadosExportados'!V:V,1,FALSE),"") | AQ62: {=IF(AND(ISERR(FIND("sim",INDEX('existencia de wc'!K$2:K$193,MATCH('3_Industrial_Plan_Idash'!C62,'existencia de wc'!B$2:B$192,0))))=FALSE,SUMPRODUCT(('2_LN_DadosExportados'!V$2:V$314='3_Industrial_Plan_Idash'!C62)*('2_LN_DadosExportados'!A$2:A$314="X"))>0), "MOSTRAR","")}
A63: =IF(OR(E63>=D63,F63>=D63,G63>=D63,H63>=D63,I63>=D63,J63>=D63),"INVEST","OK") -> INVEST | B63: HOR-7521 | C63: WC - OFF - Escov Automát Olhal | D63: 0 | E63: =IFERROR(((SUMIFS('2_LN_DadosExportados'!AL:AL,'2_LN_DadosExportados'!$V:$V,$C63,'2_LN_DadosExportados'!$A:$A,"X")+R63)/X63)*$D63,"") | F63: =IFERROR(((SUMIFS('2_LN_DadosExportados'!AM:AM,'2_LN_DadosExportados'!$V:$V,$C63,'2_LN_DadosExportados'!$A:$A,"X")+S63)/Y63)*$D63,"") | G63: =IFERROR(((SUMIFS('2_LN_DadosExportados'!AN:AN,'2_LN_DadosExportados'!$V:$V,$C63,'2_LN_DadosExportados'!$A:$A,"X")+T63)/Z63)*$D63,"") | H63: =IFERROR(((SUMIFS('2_LN_DadosExportados'!AO:AO,'2_LN_DadosExportados'!$V:$V,$C63,'2_LN_DadosExportados'!$A:$A,"X")+U63)/AA63)*$D63,"") | I63: =IFERROR(((SUMIFS('2_LN_DadosExportados'!AP:AP,'2_LN_DadosExportados'!$V:$V,$C63,'2_LN_DadosExportados'!$A:$A,"X")+V63)/AB63)*$D63,"") | J63: =IFERROR(((SUMIFS('2_LN_DadosExportados'!AQ:AQ,'2_LN_DadosExportados'!$V:$V,$C63,'2_LN_DadosExportados'!$A:$A,"X")+W63)/AC63)*$D63,"") | K63: =IFERROR(R63/X63*$D63,"") | L63: =IFERROR(S63/Y63*$D63,"") | M63: =IFERROR(T63/Z63*$D63,"") | N63: =IFERROR(U63/AA63*$D63,"") | O63: =IFERROR(V63/AB63*$D63,"") | P63: =IFERROR(W63/AC63*$D63,"") | Q63: 0 | R63: 1156.83 | S63: 254.31 | T63: 211.91 | U63: 170.7 | V63: 130.68 | W63: 110.22 | X63: =AD63*($Q63/100) -> 0 | Y63: =AE63*($Q63/100) -> 0 | Z63: =AF63*($Q63/100) -> 0 | AA63: =AG63*($Q63/100) -> 0 | AB63: =AH63*($Q63/100) -> 0 | AC63: =AI63*($Q63/100) -> 0 | AD63: 0 | AE63: 0 | AF63: 0 | AG63: 0 | AH63: 0 | AI63: 0 | AJ63: 2776388 | AK63: 619632 | AL63: 524304 | AM63: 428976 | AN63: 333648 | AO63: 285984 | AP63: =IFERROR(VLOOKUP(C63,'2_LN_DadosExportados'!V:V,1,FALSE),"") | AQ63: {=IF(AND(ISERR(FIND("sim",INDEX('existencia de wc'!K$2:K$193,MATCH('3_Industrial_Plan_Idash'!C63,'existencia de wc'!B$2:B$192,0))))=FALSE,SUMPRODUCT(('2_LN_DadosExportados'!V$2:V$314='3_Industrial_Plan_Idash'!C63)*('2_LN_DadosExportados'!A$2:A$314="X"))>0), "MOSTRAR","")}
A64: =IF(OR(E64>=D64,F64>=D64,G64>=D64,H64>=D64,I64>=D64,J64>=D64),"INVEST","OK") -> INVEST | B64: HOR-7524 | C64: WC - Esc ENGC Multe Est ROTOR | D64: 1 | E64: =IFERROR(((SUMIFS('2_LN_DadosExportados'!AL:AL,'2_LN_DadosExportados'!$V:$V,$C64,'2_LN_DadosExportados'!$A:$A,"X")+R64)/X64)*$D64,"") -> 0.76889884 | F64: =IFERROR(((SUMIFS('2_LN_DadosExportados'!AM:AM,'2_LN_DadosExportados'!$V:$V,$C64,'2_LN_DadosExportados'!$A:$A,"X")+S64)/Y64)*$D64,"") -> 1.1362732 | G64: =IFERROR(((SUMIFS('2_LN_DadosExportados'!AN:AN,'2_LN_DadosExportados'!$V:$V,$C64,'2_LN_DadosExportados'!$A:$A,"X")+T64)/Z64)*$D64,"") -> 1.2227286 | H64: =IFERROR(((SUMIFS('2_LN_DadosExportados'!AO:AO,'2_LN_DadosExportados'!$V:$V,$C64,'2_LN_DadosExportados'!$A:$A,"X")+U64)/AA64)*$D64,"") -> 1.3337029 | I64: =IFERROR(((SUMIFS('2_LN_DadosExportados'!AP:AP,'2_LN_DadosExportados'!$V:$V,$C64,'2_LN_DadosExportados'!$A:$A,"X")+V64)/AB64)*$D64,"") -> 1.5081578 | J64: =IFERROR(((SUMIFS('2_LN_DadosExportados'!AQ:AQ,'2_LN_DadosExportados'!$V:$V,$C64,'2_LN_DadosExportados'!$A:$A,"X")+W64)/AC64)*$D64,"") -> 1.569665 | K64: =IFERROR(R64/X64*$D64,"") -> 0.76889884 | L64: =IFERROR(S64/Y64*$D64,"") -> 1.1362732 | M64: =IFERROR(T64/Z64*$D64,"") -> 1.2227286 | N64: =IFERROR(U64/AA64*$D64,"") -> 1.3337029 | O64: =IFERROR(V64/AB64*$D64,"") -> 1.5081578 | P64: =IFERROR(W64/AC64*$D64,"") -> 1.569665 | Q64: 90 | R64: 2997.16 | S64: =3867.49+555.55556 -> 4423.0456 | T64: =5005.07+277.77778 -> 5282.8478 | U64: 5773.96 | V64: 6504.79 | W64: 6830.68 | X64: =AD64*($Q64/100) -> 3897.99 | Y64: =AE64*($Q64/100) -> 3892.59 | Z64: =AF64*($Q64/100) -> 4320.54 | AA64: =AG64*($Q64/100) -> 4329.27 | AB64: =AH64*($Q64/100) -> 4313.07 | AC64: =AI64*($Q64/100) -> 4351.68 | AD64: 4331.1 | AE64: 4325.1 | AF64: 4800.6 | AG64: 4810.3 | AH64: 4792.3 | AI64: 4835.2 | AJ64: 607103 | AK64: 829997 | AL64: 1106511 | AM64: 1312576 | AN64: 1515710 | AO64: 1620580 | AP64: =IFERROR(VLOOKUP(C64,'2_LN_DadosExportados'!V:V,1,FALSE),"") | AQ64: {=IF(AND(ISERR(FIND("sim",INDEX('existencia de wc'!K$2:K$193,MATCH('3_Industrial_Plan_Idash'!C64,'existencia de wc'!B$2:B$192,0))))=FALSE,SUMPRODUCT(('2_LN_DadosExportados'!V$2:V$314='3_Industrial_Plan_Idash'!C64)*('2_LN_DadosExportados'!A$2:A$314="X"))>0), "MOSTRAR","")}
A65: =IF(OR(E65>=D65,F65>=D65,G65>=D65,H65>=D65,I65>=D65,J65>=D65),"INVEST","OK") -> INVEST | B65: HOR-7525 | C65: WC - Esc ENGC Multe Est ANEL | D65: 1 | E65: =IFERROR(((SUMIFS('2_LN_DadosExportados'!AL:AL,'2_LN_DadosExportados'!$V:$V,$C65,'2_LN_DadosExportados'!$A:$A,"X")+R65)/X65)*$D65,"") -> 0.69663083 | F65: =IFERROR(((SUMIFS('2_LN_DadosExportados'!AM:AM,'2_LN_DadosExportados'!$V:$V,$C65,'2_LN_DadosExportados'!$A:$A,"X")+S65)/Y65)*$D65,"") -> 0.90927891 | G65: =IFERROR(((SUMIFS('2_LN_DadosExportados'!AN:AN,'2_LN_DadosExportados'!$V:$V,$C65,'2_LN_DadosExportados'!$A:$A,"X")+T65)/Z65)*$D65,"") -> 0.90105635 | H65: =IFERROR(((SUMIFS('2_LN_DadosExportados'!AO:AO,'2_LN_DadosExportados'!$V:$V,$C65,'2_LN_DadosExportados'!$A:$A,"X")+U65)/AA65)*$D65,"") -> 1.0200126 | I65: =IFERROR(((SUMIFS('2_LN_DadosExportados'!AP:AP,'2_LN_DadosExportados'!$V:$V,$C65,'2_LN_DadosExportados'!$A:$A,"X")+V65)/AB65)*$D65,"") -> 1.1381661 | J65: =IFERROR(((SUMIFS('2_LN_DadosExportados'!AQ:AQ,'2_LN_DadosExportados'!$V:$V,$C65,'2_LN_DadosExportados'!$A:$A,"X")+W65)/AC65)*$D65,"") -> 1.1502201 | K65: =IFERROR(R65/X65*$D65,"") -> 0.69663083 | L65: =IFERROR(S65/Y65*$D65,"") -> 0.90927891 | M65: =IFERROR(T65/Z65*$D65,"") -> 0.90105635 | N65: =IFERROR(U65/AA65*$D65,"") -> 1.0200126 | O65: =IFERROR(V65/AB65*$D65,"") -> 1.1381661 | P65: =IFERROR(W65/AC65*$D65,"") -> 1.1502201 | Q65: 90 | R65: 2715.46 | S65: 3539.45 | T65: 3893.05 | U65: 4415.91 | V65: 4908.99 | W65: 5005.39 | X65: =AD65*($Q65/100) -> 3897.99 | Y65: =AE65*($Q65/100) -> 3892.59 | Z65: =AF65*($Q65/100) -> 4320.54 | AA65: =AG65*($Q65/100) -> 4329.27 | AB65: =AH65*($Q65/100) -> 4313.07 | AC65: =AI65*($Q65/100) -> 4351.68 | AD65: 4331.1 | AE65: 4325.1 | AF65: 4800.6 | AG65: 4810.3 | AH65: 4792.3 | AI65: 4835.2 | AJ65: 601283 | AK65: 814370 | AL65: 915194 | AM65: 1061725 | AN65: 1205325 | AO65: 1250662 | AP65: =IFERROR(VLOOKUP(C65,'2_LN_DadosExportados'!V:V,1,FALSE),"") | AQ65: {=IF(AND(ISERR(FIND("sim",INDEX('existencia de wc'!K$2:K$193,MATCH('3_Industrial_Plan_Idash'!C65,'existencia de wc'!B$2:B$192,0))))=FALSE,SUMPRODUCT(('2_LN_DadosExportados'!V$2:V$314='3_Industrial_Plan_Idash'!C65)*('2_LN_DadosExportados'!A$2:A$314="X"))>0), "MOSTRAR","")}
A66: =IF(OR(E66>=D66,F66>=D66,G66>=D66,H66>=D66,I66>=D66,J66>=D66),"INVEST","OK") -> OK | B66: HOR-7700 | C66: WC - Lavadora Manual | D66: 2 | E66: =IFERROR(((SUMIFS('2_LN_DadosExportados'!AL:AL,'2_LN_DadosExportados'!$V:$V,$C66,'2_LN_DadosExportados'!$A:$A,"X")+R66)/X66)*$D66,"") -> 0.090374933 | F66: =IFERROR(((SUMIFS('2_LN_DadosExportados'!AM:AM,'2_LN_DadosExportados'!$V:$V,$C66,'2_LN_DadosExportados'!$A:$A,"X")+S66)/Y66)*$D66,"") -> 0.02355758 | G66: =IFERROR(((SUMIFS('2_LN_DadosExportados'!AN:AN,'2_LN_DadosExportados'!$V:$V,$C66,'2_LN_DadosExportados'!$A:$A,"X")+T66)/Z66)*$D66,"") -> 0.017621785 | H66: =IFERROR(((SUMIFS('2_LN_DadosExportados'!AO:AO,'2_LN_DadosExportados'!$V:$V,$C66,'2_LN_DadosExportados'!$A:$A,"X")+U66)/AA66)*$D66,"") -> 0.014217177 | I66: =IFERROR(((SUMIFS('2_LN_DadosExportados'!AP:AP,'2_LN_DadosExportados'!$V:$V,$C66,'2_LN_DadosExportados'!$A:$A,"X")+V66)/AB66)*$D66,"") -> 0.010885636 | J66: =IFERROR(((SUMIFS('2_LN_DadosExportados'!AQ:AQ,'2_LN_DadosExportados'!$V:$V,$C66,'2_LN_DadosExportados'!$A:$A,"X")+W66)/AC66)*$D66,"") -> 0.0090995478 | K66: =IFERROR(R66/X66*$D66,"") -> 0.090374933 | L66: =IFERROR(S66/Y66*$D66,"") -> 0.02355758 | M66: =IFERROR(T66/Z66*$D66,"") -> 0.017621785 | N66: =IFERROR(U66/AA66*$D66,"") -> 0.014217177 | O66: =IFERROR(V66/AB66*$D66,"") -> 0.010885636 | P66: =IFERROR(W66/AC66*$D66,"") -> 0.0090995478 | Q66: 90 | R66: 374.99 | S66: 91.7 | T66: 76.41 | U66: 61.55 | V66: 47.12 | W66: 39.74 | X66: =AD66*($Q66/100) -> 8298.54 | Y66: =AE66*($Q66/100) -> 7785.18 | Z66: =AF66*($Q66/100) -> 8672.22 | AA66: =AG66*($Q66/100) -> 8658.54 | AB66: =AH66*($Q66/100) -> 8657.28 | AC66: =AI66*($Q66/100) -> 8734.5 | AD66: 9220.6 | AE66: 8650.2 | AF66: 9635.8 | AG66: 9620.6 | AH66: 9619.2 | AI66: 9705 | AJ66: 2812488 | AK66: 698228 | AL66: 590808 | AM66: 483389 | AN66: 375969 | AO66: 322259 | AP66: =IFERROR(VLOOKUP(C66,'2_LN_DadosExportados'!V:V,1,FALSE),"") | AQ66: {=IF(AND(ISERR(FIND("sim",INDEX('existencia de wc'!K$2:K$193,MATCH('3_Industrial_Plan_Idash'!C66,'existencia de wc'!B$2:B$192,0))))=FALSE,SUMPRODUCT(('2_LN_DadosExportados'!V$2:V$314='3_Industrial_Plan_Idash'!C66)*('2_LN_DadosExportados'!A$2:A$314="X"))>0), "MOSTRAR","")}
A67: =IF(OR(E67>=D67,F67>=D67,G67>=D67,H67>=D67,I67>=D67,J67>=D67),"INVEST","OK") -> INVEST | B67: HOR-7701 | C67: WC - Lav KIVERTRON Esteira VOP | D67: 1 | E67: =IFERROR(((SUMIFS('2_LN_DadosExportados'!AL:AL,'2_LN_DadosExportados'!$V:$V,$C67,'2_LN_DadosExportados'!$A:$A,"X")+R67)/X67)*$D67,"") -> 1.7060382 | F67: =IFERROR(((SUMIFS('2_LN_DadosExportados'!AM:AM,'2_LN_DadosExportados'!$V:$V,$C67,'2_LN_DadosExportados'!$A:$A,"X")+S67)/Y67)*$D67,"") -> 2.3989029 | G67: =IFERROR(((SUMIFS('2_LN_DadosExportados'!AN:AN,'2_LN_DadosExportados'!$V:$V,$C67,'2_LN_DadosExportados'!$A:$A,"X")+T67)/Z67)*$D67,"") -> 2.4844459 | H67: =IFERROR(((SUMIFS('2_LN_DadosExportados'!AO:AO,'2_LN_DadosExportados'!$V:$V,$C67,'2_LN_DadosExportados'!$A:$A,"X")+U67)/AA67)*$D67,"") -> 2.775424 | I67: =IFERROR(((SUMIFS('2_LN_DadosExportados'!AP:AP,'2_LN_DadosExportados'!$V:$V,$C67,'2_LN_DadosExportados'!$A:$A,"X")+V67)/AB67)*$D67,"") -> 3.1281686 | J67: =IFERROR(((SUMIFS('2_LN_DadosExportados'!AQ:AQ,'2_LN_DadosExportados'!$V:$V,$C67,'2_LN_DadosExportados'!$A:$A,"X")+W67)/AC67)*$D67,"") -> 3.2099097 | K67: =IFERROR(R67/X67*$D67,"") -> 1.7060382 | L67: =IFERROR(S67/Y67*$D67,"") -> 2.3989029 | M67: =IFERROR(T67/Z67*$D67,"") -> 2.4844459 | N67: =IFERROR(U67/AA67*$D67,"") -> 2.775424 | O67: =IFERROR(V67/AB67*$D67,"") -> 3.1281686 | P67: =IFERROR(W67/AC67*$D67,"") -> 3.2099097 | Q67: 90 | R67: 6650.12 | S67: =8782.39+555.55556 -> 9337.9456 | T67: =10456.37+277.77778 -> 10734.148 | U67: 12015.56 | V67: 13492.01 | W67: 13968.5 | X67: =AD67*($Q67/100) -> 3897.99 | Y67: =AE67*($Q67/100) -> 3892.59 | Z67: =AF67*($Q67/100) -> 4320.54 | AA67: =AG67*($Q67/100) -> 4329.27 | AB67: =AH67*($Q67/100) -> 4313.07 | AC67: =AI67*($Q67/100) -> 4351.68 | AD67: 4331.1 | AE67: 4325.1 | AF67: 4800.6 | AG67: 4810.3 | AH67: 4792.3 | AI67: 4835.2 | AJ67: 1208386 | AK67: 1644367 | AL67: 2021705 | AM67: 2374301 | AN67: 2721035 | AO67: 2871242 | AP67: =IFERROR(VLOOKUP(C67,'2_LN_DadosExportados'!V:V,1,FALSE),"") | AQ67: {=IF(AND(ISERR(FIND("sim",INDEX('existencia de wc'!K$2:K$193,MATCH('3_Industrial_Plan_Idash'!C67,'existencia de wc'!B$2:B$192,0))))=FALSE,SUMPRODUCT(('2_LN_DadosExportados'!V$2:V$314='3_Industrial_Plan_Idash'!C67)*('2_LN_DadosExportados'!A$2:A$314="X"))>0), "MOSTRAR","")}
A68: =IF(OR(E68>=D68,F68>=D68,G68>=D68,H68>=D68,I68>=D68,J68>=D68),"INVEST","OK") -> OK | B68: HOR-7910 | C68: WC - Operações Manuais | D68: 1 | E68: =IFERROR(((SUMIFS('2_LN_DadosExportados'!AL:AL,'2_LN_DadosExportados'!$V:$V,$C68,'2_LN_DadosExportados'!$A:$A,"X")+R68)/X68)*$D68,"") -> 0 | F68: =IFERROR(((SUMIFS('2_LN_DadosExportados'!AM:AM,'2_LN_DadosExportados'!$V:$V,$C68,'2_LN_DadosExportados'!$A:$A,"X")+S68)/Y68)*$D68,"") -> 0.040487182 | G68: =IFERROR(((SUMIFS('2_LN_DadosExportados'!AN:AN,'2_LN_DadosExportados'!$V:$V,$C68,'2_LN_DadosExportados'!$A:$A,"X")+T68)/Z68)*$D68,"") -> 0 | H68: =IFERROR(((SUMIFS('2_LN_DadosExportados'!AO:AO,'2_LN_DadosExportados'!$V:$V,$C68,'2_LN_DadosExportados'!$A:$A,"X")+U68)/AA68)*$D68,"") -> 0 | I68: =IFERROR(((SUMIFS('2_LN_DadosExportados'!AP:AP,'2_LN_DadosExportados'!$V:$V,$C68,'2_LN_DadosExportados'!$A:$A,"X")+V68)/AB68)*$D68,"") -> 0 | J68: =IFERROR(((SUMIFS('2_LN_DadosExportados'!AQ:AQ,'2_LN_DadosExportados'!$V:$V,$C68,'2_LN_DadosExportados'!$A:$A,"X")+W68)/AC68)*$D68,"") -> 0 | K68: =IFERROR(R68/X68*$D68,"") -> 0 | L68: =IFERROR(S68/Y68*$D68,"") -> 0.040487182 | M68: =IFERROR(T68/Z68*$D68,"") -> 0 | N68: =IFERROR(U68/AA68*$D68,"") -> 0 | O68: =IFERROR(V68/AB68*$D68,"") -> 0 | P68: =IFERROR(W68/AC68*$D68,"") -> 0 | Q68: 90 | R68: 0 | S68: 157.6 | T68: 0 | U68: 0 | V68: 0 | W68: 0 | X68: =AD68*($Q68/100) -> 3897.99 | Y68: =AE68*($Q68/100) -> 3892.59 | Z68: =AF68*($Q68/100) -> 4320.54 | AA68: =AG68*($Q68/100) -> 4329.27 | AB68: =AH68*($Q68/100) -> 4313.07 | AC68: =AI68*($Q68/100) -> 4351.68 | AD68: 4331.1 | AE68: 4325.1 | AF68: 4800.6 | AG68: 4810.3 | AH68: 4792.3 | AI68: 4835.2 | AJ68: 0 | AK68: 48000 | AL68: 0 | AM68: 0 | AN68: 0 | AO68: 0 | AP68: =IFERROR(VLOOKUP(C68,'2_LN_DadosExportados'!V:V,1,FALSE),"") | AQ68: {=IF(AND(ISERR(FIND("sim",INDEX('existencia de wc'!K$2:K$193,MATCH('3_Industrial_Plan_Idash'!C68,'existencia de wc'!B$2:B$192,0))))=FALSE,SUMPRODUCT(('2_LN_DadosExportados'!V$2:V$314='3_Industrial_Plan_Idash'!C68)*('2_LN_DadosExportados'!A$2:A$314="X"))>0), "MOSTRAR","")}
A69: =IF(OR(E69>=D69,F69>=D69,G69>=D69,H69>=D69,I69>=D69,J69>=D69),"INVEST","OK") -> OK | B69: HOR-8013 | C69: WC - Preparação Ferrament - GF | D69: 1 | E69: =IFERROR(((SUMIFS('2_LN_DadosExportados'!AL:AL,'2_LN_DadosExportados'!$V:$V,$C69,'2_LN_DadosExportados'!$A:$A,"X")+R69)/X69)*$D69,"") -> 0 | F69: =IFERROR(((SUMIFS('2_LN_DadosExportados'!AM:AM,'2_LN_DadosExportados'!$V:$V,$C69,'2_LN_DadosExportados'!$A:$A,"X")+S69)/Y69)*$D69,"") -> 0 | G69: =IFERROR(((SUMIFS('2_LN_DadosExportados'!AN:AN,'2_LN_DadosExportados'!$V:$V,$C69,'2_LN_DadosExportados'!$A:$A,"X")+T69)/Z69)*$D69,"") -> 0 | H69: =IFERROR(((SUMIFS('2_LN_DadosExportados'!AO:AO,'2_LN_DadosExportados'!$V:$V,$C69,'2_LN_DadosExportados'!$A:$A,"X")+U69)/AA69)*$D69,"") -> 0 | I69: =IFERROR(((SUMIFS('2_LN_DadosExportados'!AP:AP,'2_LN_DadosExportados'!$V:$V,$C69,'2_LN_DadosExportados'!$A:$A,"X")+V69)/AB69)*$D69,"") -> 0 | J69: =IFERROR(((SUMIFS('2_LN_DadosExportados'!AQ:AQ,'2_LN_DadosExportados'!$V:$V,$C69,'2_LN_DadosExportados'!$A:$A,"X")+W69)/AC69)*$D69,"") -> 0 | K69: =IFERROR(R69/X69*$D69,"") -> 0 | L69: =IFERROR(S69/Y69*$D69,"") -> 0 | M69: =IFERROR(T69/Z69*$D69,"") -> 0 | N69: =IFERROR(U69/AA69*$D69,"") -> 0 | O69: =IFERROR(V69/AB69*$D69,"") -> 0 | P69: =IFERROR(W69/AC69*$D69,"") -> 0 | Q69: 90 | R69: 0 | S69: 0 | T69: 0 | U69: 0 | V69: 0 | W69: 0 | X69: =AD69*($Q69/100) -> 3897.99 | Y69: =AE69*($Q69/100) -> 3892.59 | Z69: =AF69*($Q69/100) -> 4320.54 | AA69: =AG69*($Q69/100) -> 4329.27 | AB69: =AH69*($Q69/100) -> 4313.07 | AC69: =AI69*($Q69/100) -> 4351.68 | AD69: 4331.1 | AE69: 4325.1 | AF69: 4800.6 | AG69: 4810.3 | AH69: 4792.3 | AI69: 4835.2 | AJ69: 45317270 | AK69: 35375499 | AL69: 36983333 | AM69: 38498115 | AN69: 40011733 | AO69: 42039369 | AP69: =IFERROR(VLOOKUP(C69,'2_LN_DadosExportados'!V:V,1,FALSE),"") -> WC - Preparação Ferrament - GF | AQ69: {=IF(AND(ISERR(FIND("sim",INDEX('existencia de wc'!K$2:K$193,MATCH('3_Industrial_Plan_Idash'!C69,'existencia de wc'!B$2:B$192,0))))=FALSE,SUMPRODUCT(('2_LN_DadosExportados'!V$2:V$314='3_Industrial_Plan_Idash'!C69)*('2_LN_DadosExportados'!A$2:A$314="X"))>0), "MOSTRAR","")}
A70: =IF(OR(E70>=D70,F70>=D70,G70>=D70,H70>=D70,I70>=D70,J70>=D70),"INVEST","OK") -> INVEST | B70: HOR-8101 | C70: WC - Embalagem manual | D70: 5 | E70: =IFERROR(((SUMIFS('2_LN_DadosExportados'!AL:AL,'2_LN_DadosExportados'!$V:$V,$C70,'2_LN_DadosExportados'!$A:$A,"X")+R70)/X70)*$D70,"") -> 5.5561559 | F70: =IFERROR(((SUMIFS('2_LN_DadosExportados'!AM:AM,'2_LN_DadosExportados'!$V:$V,$C70,'2_LN_DadosExportados'!$A:$A,"X")+S70)/Y70)*$D70,"") -> 5.2005092 | G70: =IFERROR(((SUMIFS('2_LN_DadosExportados'!AN:AN,'2_LN_DadosExportados'!$V:$V,$C70,'2_LN_DadosExportados'!$A:$A,"X")+T70)/Z70)*$D70,"") -> 4.9159202 | H70: =IFERROR(((SUMIFS('2_LN_DadosExportados'!AO:AO,'2_LN_DadosExportados'!$V:$V,$C70,'2_LN_DadosExportados'!$A:$A,"X")+U70)/AA70)*$D70,"") -> 5.14766 | I70: =IFERROR(((SUMIFS('2_LN_DadosExportados'!AP:AP,'2_LN_DadosExportados'!$V:$V,$C70,'2_LN_DadosExportados'!$A:$A,"X")+V70)/AB70)*$D70,"") -> 5.3955419 | J70: =IFERROR(((SUMIFS('2_LN_DadosExportados'!AQ:AQ,'2_LN_DadosExportados'!$V:$V,$C70,'2_LN_DadosExportados'!$A:$A,"X")+W70)/AC70)*$D70,"") -> 5.4232411 | K70: =IFERROR(R70/X70*$D70,"") -> 5.5561559 | L70: =IFERROR(S70/Y70*$D70,"") -> 5.2005092 | M70: =IFERROR(T70/Z70*$D70,"") -> 4.9159202 | N70: =IFERROR(U70/AA70*$D70,"") -> 5.14766 | O70: =IFERROR(V70/AB70*$D70,"") -> 5.3955419 | P70: =IFERROR(W70/AC70*$D70,"") -> 5.4232411 | Q70: 90 | R70: 21657.84 | S70: 20243.45 | T70: 21239.43 | U70: 22285.61 | V70: 23271.35 | W70: 23600.21 | X70: =AD70*($Q70/100) -> 19489.95 | Y70: =AE70*($Q70/100) -> 19462.95 | Z70: =AF70*($Q70/100) -> 21602.7 | AA70: =AG70*($Q70/100) -> 21646.35 | AB70: =AH70*($Q70/100) -> 21565.35 | AC70: =AI70*($Q70/100) -> 21758.4 | AD70: 21655.5 | AE70: 21625.5 | AF70: 24003 | AG70: 24051.5 | AH70: 23961.5 | AI70: 24176 | AJ70: 43479990 | AK70: 32933156 | AL70: 34629728 | AM70: 36349399 | AN70: 38067911 | AO70: 40168228 | AP70: =IFERROR(VLOOKUP(C70,'2_LN_DadosExportados'!V:V,1,FALSE),"") -> WC - Embalagem manual | AQ70: {=IF(AND(ISERR(FIND("sim",INDEX('existencia de wc'!K$2:K$193,MATCH('3_Industrial_Plan_Idash'!C70,'existencia de wc'!B$2:B$192,0))))=FALSE,SUMPRODUCT(('2_LN_DadosExportados'!V$2:V$314='3_Industrial_Plan_Idash'!C70)*('2_LN_DadosExportados'!A$2:A$314="X"))>0), "MOSTRAR","")}
A71: =IF(OR(E71>=D71,F71>=D71,G71>=D71,H71>=D71,I71>=D71,J71>=D71),"INVEST","OK") -> INVEST | B71: HOR-8205 | C71: WC - Expedir Subcontratado | D71: 0 | E71: =IFERROR(((SUMIFS('2_LN_DadosExportados'!AL:AL,'2_LN_DadosExportados'!$V:$V,$C71,'2_LN_DadosExportados'!$A:$A,"X")+R71)/X71)*$D71,"") | F71: =IFERROR(((SUMIFS('2_LN_DadosExportados'!AM:AM,'2_LN_DadosExportados'!$V:$V,$C71,'2_LN_DadosExportados'!$A:$A,"X")+S71)/Y71)*$D71,"") | G71: =IFERROR(((SUMIFS('2_LN_DadosExportados'!AN:AN,'2_LN_DadosExportados'!$V:$V,$C71,'2_LN_DadosExportados'!$A:$A,"X")+T71)/Z71)*$D71,"") | H71: =IFERROR(((SUMIFS('2_LN_DadosExportados'!AO:AO,'2_LN_DadosExportados'!$V:$V,$C71,'2_LN_DadosExportados'!$A:$A,"X")+U71)/AA71)*$D71,"") | I71: =IFERROR(((SUMIFS('2_LN_DadosExportados'!AP:AP,'2_LN_DadosExportados'!$V:$V,$C71,'2_LN_DadosExportados'!$A:$A,"X")+V71)/AB71)*$D71,"") | J71: =IFERROR(((SUMIFS('2_LN_DadosExportados'!AQ:AQ,'2_LN_DadosExportados'!$V:$V,$C71,'2_LN_DadosExportados'!$A:$A,"X")+W71)/AC71)*$D71,"") | K71: =IFERROR(R71/X71*$D71,"") | L71: =IFERROR(S71/Y71*$D71,"") | M71: =IFERROR(T71/Z71*$D71,"") | N71: =IFERROR(U71/AA71*$D71,"") | O71: =IFERROR(V71/AB71*$D71,"") | P71: =IFERROR(W71/AC71*$D71,"") | Q71: 0 | R71: 0 | S71: 0 | T71: 0 | U71: 0 | V71: 0 | W71: 0 | X71: =AD71*($Q71/100) -> 0 | Y71: =AE71*($Q71/100) -> 0 | Z71: =AF71*($Q71/100) -> 0 | AA71: =AG71*($Q71/100) -> 0 | AB71: =AH71*($Q71/100) -> 0 | AC71: =AI71*($Q71/100) -> 0 | AD71: 0 | AE71: 0 | AF71: 0 | AG71: 0 | AH71: 0 | AI71: 0 | AJ71: 7407908.5 | AK71: 6756118 | AL71: 6792118 | AM71: 6855118 | AN71: 6921268 | AO71: 6990726 | AP71: =IFERROR(VLOOKUP(C71,'2_LN_DadosExportados'!V:V,1,FALSE),"") -> WC - Expedir Subcontratado | AQ71: {=IF(AND(ISERR(FIND("sim",INDEX('existencia de wc'!K$2:K$193,MATCH('3_Industrial_Plan_Idash'!C71,'existencia de wc'!B$2:B$192,0))))=FALSE,SUMPRODUCT(('2_LN_DadosExportados'!V$2:V$314='3_Industrial_Plan_Idash'!C71)*('2_LN_DadosExportados'!A$2:A$314="X"))>0), "MOSTRAR","")}
A72: =IF(OR(E72>=D72,F72>=D72,G72>=D72,H72>=D72,I72>=D72,J72>=D72),"INVEST","OK") -> INVEST | B72: HOR-8302 | C72: WC - Selecionar 100% | D72: 0 | E72: =IFERROR(((SUMIFS('2_LN_DadosExportados'!AL:AL,'2_LN_DadosExportados'!$V:$V,$C72,'2_LN_DadosExportados'!$A:$A,"X")+R72)/X72)*$D72,"") | F72: =IFERROR(((SUMIFS('2_LN_DadosExportados'!AM:AM,'2_LN_DadosExportados'!$V:$V,$C72,'2_LN_DadosExportados'!$A:$A,"X")+S72)/Y72)*$D72,"") | G72: =IFERROR(((SUMIFS('2_LN_DadosExportados'!AN:AN,'2_LN_DadosExportados'!$V:$V,$C72,'2_LN_DadosExportados'!$A:$A,"X")+T72)/Z72)*$D72,"") | H72: =IFERROR(((SUMIFS('2_LN_DadosExportados'!AO:AO,'2_LN_DadosExportados'!$V:$V,$C72,'2_LN_DadosExportados'!$A:$A,"X")+U72)/AA72)*$D72,"") | I72: =IFERROR(((SUMIFS('2_LN_DadosExportados'!AP:AP,'2_LN_DadosExportados'!$V:$V,$C72,'2_LN_DadosExportados'!$A:$A,"X")+V72)/AB72)*$D72,"") | J72: =IFERROR(((SUMIFS('2_LN_DadosExportados'!AQ:AQ,'2_LN_DadosExportados'!$V:$V,$C72,'2_LN_DadosExportados'!$A:$A,"X")+W72)/AC72)*$D72,"") | K72: =IFERROR(R72/X72*$D72,"") | L72: =IFERROR(S72/Y72*$D72,"") | M72: =IFERROR(T72/Z72*$D72,"") | N72: =IFERROR(U72/AA72*$D72,"") | O72: =IFERROR(V72/AB72*$D72,"") | P72: =IFERROR(W72/AC72*$D72,"") | Q72: 0 | R72: 7042.99 | S72: 8605.24 | T72: 8983.84 | U72: 9124.03 | V72: 9266.55 | W72: 9428.05 | X72: =AD72*($Q72/100) -> 0 | Y72: =AE72*($Q72/100) -> 0 | Z72: =AF72*($Q72/100) -> 0 | AA72: =AG72*($Q72/100) -> 0 | AB72: =AH72*($Q72/100) -> 0 | AC72: =AI72*($Q72/100) -> 0 | AD72: 0 | AE72: 0 | AF72: 0 | AG72: 0 | AH72: 0 | AI72: 0 | AJ72: 2905923.5 | AK72: 3805034 | AL72: 3960091 | AM72: 4046826 | AN72: 4138271 | AO72: 4253665 | AP72: =IFERROR(VLOOKUP(C72,'2_LN_DadosExportados'!V:V,1,FALSE),"") -> WC - Selecionar 100% | AQ72: {=IF(AND(ISERR(FIND("sim",INDEX('existencia de wc'!K$2:K$193,MATCH('3_Industrial_Plan_Idash'!C72,'existencia de wc'!B$2:B$192,0))))=FALSE,SUMPRODUCT(('2_LN_DadosExportados'!V$2:V$314='3_Industrial_Plan_Idash'!C72)*('2_LN_DadosExportados'!A$2:A$314="X"))>0), "MOSTRAR","")}
A73: =IF(OR(E73>=D73,F73>=D73,G73>=D73,H73>=D73,I73>=D73,J73>=D73),"INVEST","OK") -> INVEST | B73: HOR-8401 | C73: WC - Inspecionar | D73: 0 | E73: =IFERROR(((SUMIFS('2_LN_DadosExportados'!AL:AL,'2_LN_DadosExportados'!$V:$V,$C73,'2_LN_DadosExportados'!$A:$A,"X")+R73)/X73)*$D73,"") | F73: =IFERROR(((SUMIFS('2_LN_DadosExportados'!AM:AM,'2_LN_DadosExportados'!$V:$V,$C73,'2_LN_DadosExportados'!$A:$A,"X")+S73)/Y73)*$D73,"") | G73: =IFERROR(((SUMIFS('2_LN_DadosExportados'!AN:AN,'2_LN_DadosExportados'!$V:$V,$C73,'2_LN_DadosExportados'!$A:$A,"X")+T73)/Z73)*$D73,"") | H73: =IFERROR(((SUMIFS('2_LN_DadosExportados'!AO:AO,'2_LN_DadosExportados'!$V:$V,$C73,'2_LN_DadosExportados'!$A:$A,"X")+U73)/AA73)*$D73,"") | I73: =IFERROR(((SUMIFS('2_LN_DadosExportados'!AP:AP,'2_LN_DadosExportados'!$V:$V,$C73,'2_LN_DadosExportados'!$A:$A,"X")+V73)/AB73)*$D73,"") | J73: =IFERROR(((SUMIFS('2_LN_DadosExportados'!AQ:AQ,'2_LN_DadosExportados'!$V:$V,$C73,'2_LN_DadosExportados'!$A:$A,"X")+W73)/AC73)*$D73,"") | K73: =IFERROR(R73/X73*$D73,"") | L73: =IFERROR(S73/Y73*$D73,"") | M73: =IFERROR(T73/Z73*$D73,"") | N73: =IFERROR(U73/AA73*$D73,"") | O73: =IFERROR(V73/AB73*$D73,"") | P73: =IFERROR(W73/AC73*$D73,"") | Q73: 0 | R73: 208.85 | S73: 74.16 | T73: 73.03 | U73: 71.92 | V73: 70.76 | W73: 69.64 | X73: =AD73*($Q73/100) -> 0 | Y73: =AE73*($Q73/100) -> 0 | Z73: =AF73*($Q73/100) -> 0 | AA73: =AG73*($Q73/100) -> 0 | AB73: =AH73*($Q73/100) -> 0 | AC73: =AI73*($Q73/100) -> 0 | AD73: 0 | AE73: 0 | AF73: 0 | AG73: 0 | AH73: 0 | AI73: 0 | AJ73: 6190618.5 | AK73: 5411373 | AL73: 5447373 | AM73: 5510373 | AN73: 5576523 | AO73: 5645981 | AP73: =IFERROR(VLOOKUP(C73,'2_LN_DadosExportados'!V:V,1,FALSE),"") -> WC - Inspecionar | AQ73: {=IF(AND(ISERR(FIND("sim",INDEX('existencia de wc'!K$2:K$193,MATCH('3_Industrial_Plan_Idash'!C73,'existencia de wc'!B$2:B$192,0))))=FALSE,SUMPRODUCT(('2_LN_DadosExportados'!V$2:V$314='3_Industrial_Plan_Idash'!C73)*('2_LN_DadosExportados'!A$2:A$314="X"))>0), "MOSTRAR","")}
A74: =IF(OR(E74>=D74,F74>=D74,G74>=D74,H74>=D74,I74>=D74,J74>=D74),"INVEST","OK") -> OK | B74: HOR-8404 | C74: WC - Fluxagem - Detec trinca | D74: 2 | E74: =IFERROR(((SUMIFS('2_LN_DadosExportados'!AL:AL,'2_LN_DadosExportados'!$V:$V,$C74,'2_LN_DadosExportados'!$A:$A,"X")+R74)/X74)*$D74,"") -> 1.6687538 | F74: =IFERROR(((SUMIFS('2_LN_DadosExportados'!AM:AM,'2_LN_DadosExportados'!$V:$V,$C74,'2_LN_DadosExportados'!$A:$A,"X")+S74)/Y74)*$D74,"") -> 1.424969 | G74: =IFERROR(((SUMIFS('2_LN_DadosExportados'!AN:AN,'2_LN_DadosExportados'!$V:$V,$C74,'2_LN_DadosExportados'!$A:$A,"X")+T74)/Z74)*$D74,"") -> 1.2682773 | H74: =IFERROR(((SUMIFS('2_LN_DadosExportados'!AO:AO,'2_LN_DadosExportados'!$V:$V,$C74,'2_LN_DadosExportados'!$A:$A,"X")+U74)/AA74)*$D74,"") -> 1.265636 | I74: =IFERROR(((SUMIFS('2_LN_DadosExportados'!AP:AP,'2_LN_DadosExportados'!$V:$V,$C74,'2_LN_DadosExportados'!$A:$A,"X")+V74)/AB74)*$D74,"") -> 1.261983 | J74: =IFERROR(((SUMIFS('2_LN_DadosExportados'!AQ:AQ,'2_LN_DadosExportados'!$V:$V,$C74,'2_LN_DadosExportados'!$A:$A,"X")+W74)/AC74)*$D74,"") -> 1.2492598 | K74: =IFERROR(R74/X74*$D74,"") -> 1.6687538 | L74: =IFERROR(S74/Y74*$D74,"") -> 1.424969 | M74: =IFERROR(T74/Z74*$D74,"") -> 1.2682773 | N74: =IFERROR(U74/AA74*$D74,"") -> 1.265636 | O74: =IFERROR(V74/AB74*$D74,"") -> 1.261983 | P74: =IFERROR(W74/AC74*$D74,"") -> 1.2492598 | Q74: 90 | R74: 6924.11 | S74: 5546.82 | T74: 5499.39 | U74: 5479.28 | V74: 5462.67 | W74: 5455.83 | X74: =AD74*($Q74/100) -> 8298.54 | Y74: =AE74*($Q74/100) -> 7785.18 | Z74: =AF74*($Q74/100) -> 8672.22 | AA74: =AG74*($Q74/100) -> 8658.54 | AB74: =AH74*($Q74/100) -> 8657.28 | AC74: =AI74*($Q74/100) -> 8734.5 | AD74: 9220.6 | AE74: 8650.2 | AF74: 9635.8 | AG74: 9620.6 | AH74: 9619.2 | AI74: 9705 | AJ74: 3590396.5 | AK74: 3322545 | AL74: 3353104 | AM74: 3407496 | AN74: 3466599 | AO74: 3536057 | AP74: =IFERROR(VLOOKUP(C74,'2_LN_DadosExportados'!V:V,1,FALSE),"") | AQ74: {=IF(AND(ISERR(FIND("sim",INDEX('existencia de wc'!K$2:K$193,MATCH('3_Industrial_Plan_Idash'!C74,'existencia de wc'!B$2:B$192,0))))=FALSE,SUMPRODUCT(('2_LN_DadosExportados'!V$2:V$314='3_Industrial_Plan_Idash'!C74)*('2_LN_DadosExportados'!A$2:A$314="X"))>0), "MOSTRAR","")}
A75: =IF(OR(E75>=D75,F75>=D75,G75>=D75,H75>=D75,I75>=D75,J75>=D75),"INVEST","OK") -> INVEST | B75: HOR-8414 | C75: WC - Auditoria Final | D75: 0 | E75: =IFERROR(((SUMIFS('2_LN_DadosExportados'!AL:AL,'2_LN_DadosExportados'!$V:$V,$C75,'2_LN_DadosExportados'!$A:$A,"X")+R75)/X75)*$D75,"") | F75: =IFERROR(((SUMIFS('2_LN_DadosExportados'!AM:AM,'2_LN_DadosExportados'!$V:$V,$C75,'2_LN_DadosExportados'!$A:$A,"X")+S75)/Y75)*$D75,"") | G75: =IFERROR(((SUMIFS('2_LN_DadosExportados'!AN:AN,'2_LN_DadosExportados'!$V:$V,$C75,'2_LN_DadosExportados'!$A:$A,"X")+T75)/Z75)*$D75,"") | H75: =IFERROR(((SUMIFS('2_LN_DadosExportados'!AO:AO,'2_LN_DadosExportados'!$V:$V,$C75,'2_LN_DadosExportados'!$A:$A,"X")+U75)/AA75)*$D75,"") | I75: =IFERROR(((SUMIFS('2_LN_DadosExportados'!AP:AP,'2_LN_DadosExportados'!$V:$V,$C75,'2_LN_DadosExportados'!$A:$A,"X")+V75)/AB75)*$D75,"") | J75: =IFERROR(((SUMIFS('2_LN_DadosExportados'!AQ:AQ,'2_LN_DadosExportados'!$V:$V,$C75,'2_LN_DadosExportados'!$A:$A,"X")+W75)/AC75)*$D75,"") | K75: =IFERROR(R75/X75*$D75,"") | L75: =IFERROR(S75/Y75*$D75,"") | M75: =IFERROR(T75/Z75*$D75,"") | N75: =IFERROR(U75/AA75*$D75,"") | O75: =IFERROR(V75/AB75*$D75,"") | P75: =IFERROR(W75/AC75*$D75,"") | Q75: 0 | R75: 0 | S75: 0 | T75: 0 | U75: 0 | V75: 0 | W75: 0 | X75: =AD75*($Q75/100) -> 0 | Y75: =AE75*($Q75/100) -> 0 | Z75: =AF75*($Q75/100) -> 0 | AA75: =AG75*($Q75/100) -> 0 | AB75: =AH75*($Q75/100) -> 0 | AC75: =AI75*($Q75/100) -> 0 | AD75: 0 | AE75: 0 | AF75: 0 | AG75: 0 | AH75: 0 | AI75: 0 | AJ75: 38993473 | AK75: 29751089 | AL75: 34273629 | AM75: 38794526 | AN75: 43308402 | AO75: 48007557 | AP75: =IFERROR(VLOOKUP(C75,'2_LN_DadosExportados'!V:V,1,FALSE),"") -> WC - Auditoria Final | AQ75: {=IF(AND(ISERR(FIND("sim",INDEX('existencia de wc'!K$2:K$193,MATCH('3_Industrial_Plan_Idash'!C75,'existencia de wc'!B$2:B$192,0))))=FALSE,SUMPRODUCT(('2_LN_DadosExportados'!V$2:V$314='3_Industrial_Plan_Idash'!C75)*('2_LN_DadosExportados'!A$2:A$314="X"))>0), "MOSTRAR","")}
A76: =IF(OR(E76>=D76,F76>=D76,G76>=D76,H76>=D76,I76>=D76,J76>=D76),"INVEST","OK") -> INVEST | B76: HOR-DECOM | C76: Decomissioned | D76: 0 | E76: =IFERROR(((SUMIFS('2_LN_DadosExportados'!AL:AL,'2_LN_DadosExportados'!$V:$V,$C76,'2_LN_DadosExportados'!$A:$A,"X")+R76)/X76)*$D76,"") | F76: =IFERROR(((SUMIFS('2_LN_DadosExportados'!AM:AM,'2_LN_DadosExportados'!$V:$V,$C76,'2_LN_DadosExportados'!$A:$A,"X")+S76)/Y76)*$D76,"") | G76: =IFERROR(((SUMIFS('2_LN_DadosExportados'!AN:AN,'2_LN_DadosExportados'!$V:$V,$C76,'2_LN_DadosExportados'!$A:$A,"X")+T76)/Z76)*$D76,"") | H76: =IFERROR(((SUMIFS('2_LN_DadosExportados'!AO:AO,'2_LN_DadosExportados'!$V:$V,$C76,'2_LN_DadosExportados'!$A:$A,"X")+U76)/AA76)*$D76,"") | I76: =IFERROR(((SUMIFS('2_LN_DadosExportados'!AP:AP,'2_LN_DadosExportados'!$V:$V,$C76,'2_LN_DadosExportados'!$A:$A,"X")+V76)/AB76)*$D76,"") | J76: =IFERROR(((SUMIFS('2_LN_DadosExportados'!AQ:AQ,'2_LN_DadosExportados'!$V:$V,$C76,'2_LN_DadosExportados'!$A:$A,"X")+W76)/AC76)*$D76,"") | K76: =IFERROR(R76/X76*$D76,"") | L76: =IFERROR(S76/Y76*$D76,"") | M76: =IFERROR(T76/Z76*$D76,"") | N76: =IFERROR(U76/AA76*$D76,"") | O76: =IFERROR(V76/AB76*$D76,"") | P76: =IFERROR(W76/AC76*$D76,"") | Q76: 0 | R76: 0 | S76: 0 | T76: 0 | U76: 0 | V76: 0 | W76: 0 | X76: =AD76*($Q76/100) -> 0 | Y76: =AE76*($Q76/100) -> 0 | Z76: =AF76*($Q76/100) -> 0 | AA76: =AG76*($Q76/100) -> 0 | AB76: =AH76*($Q76/100) -> 0 | AC76: =AI76*($Q76/100) -> 0 | AD76: 0 | AE76: 0 | AF76: 0 | AG76: 0 | AH76: 0 | AI76: 0 | AJ76: 0 | AK76: 0 | AL76: 0 | AM76: 0 | AN76: 0 | AO76: 0 | AP76: =IFERROR(VLOOKUP(C76,'2_LN_DadosExportados'!V:V,1,FALSE),"") | AQ76: {=IF(AND(ISERR(FIND("sim",INDEX('existencia de wc'!K$2:K$193,MATCH('3_Industrial_Plan_Idash'!C76,'existencia de wc'!B$2:B$192,0))))=FALSE,SUMPRODUCT(('2_LN_DadosExportados'!V$2:V$314='3_Industrial_Plan_Idash'!C76)*('2_LN_DadosExportados'!A$2:A$314="X"))>0), "MOSTRAR","")}
A77: =IF(OR(E77>=D77,F77>=D77,G77>=D77,H77>=D77,I77>=D77,J77>=D77),"INVEST","OK") -> INVEST | B77: UNDEFINED | C77: UNDEFINED | D77: 0 | E77: =IFERROR(((SUMIFS('2_LN_DadosExportados'!AL:AL,'2_LN_DadosExportados'!$V:$V,$C77,'2_LN_DadosExportados'!$A:$A,"X")+R77)/X77)*$D77,"") | F77: =IFERROR(((SUMIFS('2_LN_DadosExportados'!AM:AM,'2_LN_DadosExportados'!$V:$V,$C77,'2_LN_DadosExportados'!$A:$A,"X")+S77)/Y77)*$D77,"") | G77: =IFERROR(((SUMIFS('2_LN_DadosExportados'!AN:AN,'2_LN_DadosExportados'!$V:$V,$C77,'2_LN_DadosExportados'!$A:$A,"X")+T77)/Z77)*$D77,"") | H77: =IFERROR(((SUMIFS('2_LN_DadosExportados'!AO:AO,'2_LN_DadosExportados'!$V:$V,$C77,'2_LN_DadosExportados'!$A:$A,"X")+U77)/AA77)*$D77,"") | I77: =IFERROR(((SUMIFS('2_LN_DadosExportados'!AP:AP,'2_LN_DadosExportados'!$V:$V,$C77,'2_LN_DadosExportados'!$A:$A,"X")+V77)/AB77)*$D77,"") | J77: =IFERROR(((SUMIFS('2_LN_DadosExportados'!AQ:AQ,'2_LN_DadosExportados'!$V:$V,$C77,'2_LN_DadosExportados'!$A:$A,"X")+W77)/AC77)*$D77,"") | K77: =IFERROR(R77/X77*$D77,"") | L77: =IFERROR(S77/Y77*$D77,"") | M77: =IFERROR(T77/Z77*$D77,"") | N77: =IFERROR(U77/AA77*$D77,"") | O77: =IFERROR(V77/AB77*$D77,"") | P77: =IFERROR(W77/AC77*$D77,"") | Q77: 0 | R77: 0 | S77: 0 | T77: 0 | U77: 0 | V77: 0 | W77: 0 | X77: =AD77*($Q77/100) -> 0 | Y77: =AE77*($Q77/100) -> 0 | Z77: =AF77*($Q77/100) -> 0 | AA77: =AG77*($Q77/100) -> 0 | AB77: =AH77*($Q77/100) -> 0 | AC77: =AI77*($Q77/100) -> 0 | AD77: 0 | AE77: 0 | AF77: 0 | AG77: 0 | AH77: 0 | AI77: 0 | AJ77: 5085629 | AK77: 1932059 | AL77: 1824639 | AM77: 1717220 | AN77: 1609800 | AO77: 1556090 | AP77: =IFERROR(VLOOKUP(C77,'2_LN_DadosExportados'!V:V,1,FALSE),"") | AQ77: {=IF(AND(ISERR(FIND("sim",INDEX('existencia de wc'!K$2:K$193,MATCH('3_Industrial_Plan_Idash'!C77,'existencia de wc'!B$2:B$192,0))))=FALSE,SUMPRODUCT(('2_LN_DadosExportados'!V$2:V$314='3_Industrial_Plan_Idash'!C77)*('2_LN_DadosExportados'!A$2:A$314="X"))>0), "MOSTRAR","")}

Sheet existencia de wc
A1: Cent. Trab. | C1: Tipo de centro de trabalho | D1: Unid da empresa | E1: C/T principal | F1: Crítico no planejamento mestre | G1: Código de taxa oper | I1: Código de taxa de operação de C/T de custo
A2: 150 | B2: WC - Fer Tor ROMI Multiplic30D | C2: Subcentro de trabalho | D2: 310 | E2: M0000 | F2: Não | G2: 604 | H2: CR - Fer Tor ROMI Multiplic30D | K2: =IF(COUNTIF('2_LN_DadosExportados'!$V:$V,'existencia de wc'!B2)>0,"sim","não") -> não
A3: 151 | B3: WC - IDLE - Fer Hsm CHIRON FZ | C3: Subcentro de trabalho | D3: 310 | E3: M0000 | F3: Não | G3: DNU | H3: Do Not Use | K3: =IF(COUNTIF('2_LN_DadosExportados'!$V:$V,'existencia de wc'!B3)>0,"sim","não") -> não
A4: 160 | B4: WC - Fer Torno Mazak Integrex | C4: Subcentro de trabalho | D4: 310 | E4: M0000 | F4: Não | G4: 602 | H4: CR - Fer Torno Mazak Integrex | K4: =IF(COUNTIF('2_LN_DadosExportados'!$V:$V,'existencia de wc'!B4)>0,"sim","não") -> não
A5: 201 | B5: WC - Fer Fresadora | C5: Subcentro de trabalho | D5: 310 | E5: M0000 | F5: Não | G5: 600 | H5: CR - Fer Ferram. convencional | K5: =IF(COUNTIF('2_LN_DadosExportados'!$V:$V,'existencia de wc'!B5)>0,"sim","não") -> não
A6: 300 | B6: WC - Fer Eletro Fio Challenge | C6: Subcentro de trabalho | D6: 310 | E6: M0000 | F6: Não | G6: 601 | H6: CR - Fer Eletro erosão | K6: =IF(COUNTIF('2_LN_DadosExportados'!$V:$V,'existencia de wc'!B6)>0,"sim","não") -> não
A7: 310 | B7: WC - Fer Eletro Furo Rápido | C7: Subcentro de trabalho | D7: 310 | E7: M0000 | F7: Não | G7: 601 | H7: CR - Fer Eletro erosão | K7: =IF(COUNTIF('2_LN_DadosExportados'!$V:$V,'existencia de wc'!B7)>0,"sim","não") -> não
A8: 311 | B8: WC - Fer Penet Form P600 | C8: Subcentro de trabalho | D8: 310 | E8: M0000 | F8: Não | G8: 601 | H8: CR - Fer Eletro erosão | K8: =IF(COUNTIF('2_LN_DadosExportados'!$V:$V,'existencia de wc'!B8)>0,"sim","não") -> não
A9: 312 | B9: WC - IDLE - Fer Penet Sparks | C9: Subcentro de trabalho | D9: 310 | E9: M0000 | F9: Não | G9: DNU | H9: Do Not Use | K9: =IF(COUNTIF('2_LN_DadosExportados'!$V:$V,'existencia de wc'!B9)>0,"sim","não") -> não
A10: 313 | B10: WC - Fer Penetração Hiper Sp | C10: Subcentro de trabalho | D10: 310 | E10: M0000 | F10: Não | G10: 601 | H10: CR - Fer Eletro erosão | K10: =IF(COUNTIF('2_LN_DadosExportados'!$V:$V,'existencia de wc'!B10)>0,"sim","não") -> não
A11: 314 | B11: WC - Fer Penetração Form 20 | C11: Subcentro de trabalho | D11: 310 | E11: M0000 | F11: Não | G11: 601 | H11: CR - Fer Eletro erosão | K11: =IF(COUNTIF('2_LN_DadosExportados'!$V:$V,'existencia de wc'!B11)>0,"sim","não") -> não
A12: 315 | B12: WC - Fer Fio Progress | C12: Subcentro de trabalho | D12: 310 | E12: M0000 | F12: Não | G12: 601 | H12: CR - Fer Eletro erosão | K12: =IF(COUNTIF('2_LN_DadosExportados'!$V:$V,'existencia de wc'!B12)>0,"sim","não") -> não
A13: 350 | B13: WC - Fer Bancada/Polimento | C13: Subcentro de trabalho | D13: 310 | E13: M0000 | F13: Não | G13: 600 | H13: CR - Fer Ferram. convencional | K13: =IF(COUNTIF('2_LN_DadosExportados'!$V:$V,'existencia de wc'!B13)>0,"sim","não") -> não
A14: 380 | B14: WC - Fer Forno Engefor | C14: Subcentro de trabalho | D14: 310 | E14: M0000 | F14: Não | G14: 600 | H14: CR - Fer Ferram. convencional | K14: =IF(COUNTIF('2_LN_DadosExportados'!$V:$V,'existencia de wc'!B14)>0,"sim","não") -> não
A15: 600 | B15: WC - Fer Ret Cil J&Ship 1300X | C15: Subcentro de trabalho | D15: 310 | E15: M0000 | F15: Não | G15: 603 | H15: CR - Fer Retificas | K15: =IF(COUNTIF('2_LN_DadosExportados'!$V:$V,'existencia de wc'!B15)>0,"sim","não") -> não
A16: 601 | B16: WC - Fer Ret Cil Ferdimat | C16: Subcentro de trabalho | D16: 310 | E16: M0000 | F16: Não | G16: 603 | H16: CR - Fer Retificas | K16: =IF(COUNTIF('2_LN_DadosExportados'!$V:$V,'existencia de wc'!B16)>0,"sim","não") -> não
A17: 610 | B17: WC - Fer Ret Pla Ferdimat | C17: Subcentro de trabalho | D17: 310 | E17: M0000 | F17: Não | G17: 603 | H17: CR - Fer Retificas | K17: =IF(COUNTIF('2_LN_DadosExportados'!$V:$V,'existencia de wc'!B17)>0,"sim","não") -> não
A18: 611 | B18: WC - Fer Ret Pla J&Ship 1400X | C18: Subcentro de trabalho | D18: 310 | E18: M0000 | F18: Não | G18: 603 | H18: CR - Fer Retificas | K18: =IF(COUNTIF('2_LN_DadosExportados'!$V:$V,'existencia de wc'!B18)>0,"sim","não") -> não
A19: 651 | B19: WC - Fer Prensa Hidr. Manual | C19: Subcentro de trabalho | D19: 310 | E19: M0000 | F19: Não | G19: 600 | H19: CR - Fer Ferram. convencional | K19: =IF(COUNTIF('2_LN_DadosExportados'!$V:$V,'existencia de wc'!B19)>0,"sim","não") -> não
A20: 703 | B20: WC - Fer Inspeção | C20: Subcentro de trabalho | D20: 310 | E20: M0000 | F20: Não | G20: 600 | H20: CR - Fer Ferram. convencional | K20: =IF(COUNTIF('2_LN_DadosExportados'!$V:$V,'existencia de wc'!B20)>0,"sim","não") -> não
A21: 2100 | B21: WC - GQS_IDLE - Com 5 t Neuber | C21: Subcentro de trabalho | D21: 310 | E21: M2000 | F21: Sim | G21: DNU | H21: Do Not Use | K21: =IF(COUNTIF('2_LN_DadosExportados'!$V:$V,'existencia de wc'!B21)>0,"sim","não") -> não
A22: 2102 | B22: WC - IDLE - Com 12 ton Dorst | C22: Subcentro de trabalho | D22: 310 | E22: M2000 | F22: Sim | G22: DNU | H22: Do Not Use | K22: =IF(COUNTIF('2_LN_DadosExportados'!$V:$V,'existencia de wc'!B22)>0,"sim","não") -> não
A23: 2105 | B23: WC - IDLE - Com 15 ton Dorst | C23: Subcentro de trabalho | D23: 310 | E23: M2000 | F23: Sim | G23: DNU | H23: Do Not Use | K23: =IF(COUNTIF('2_LN_DadosExportados'!$V:$V,'existencia de wc'!B23)>0,"sim","não") -> não
A24: 2110 | B24: WC - Com 20 ton Yoshi | C24: Subcentro de trabalho | D24: 310 | E24: M2000 | F24: Sim | G24: 324 | H24: CR - Com 20 ton Yoshi | K24: =IF(COUNTIF('2_LN_DadosExportados'!$V:$V,'existencia de wc'!B24)>0,"sim","não") -> não
A25: 2120 | B25: WC - IDLE - Com 40 ton | C25: Subcentro de trabalho | D25: 310 | E25: M2000 | F25: Sim | G25: DNU | H25: Do Not Use | K25: =IF(COUNTIF('2_LN_DadosExportados'!$V:$V,'existencia de wc'!B25)>0,"sim","não") -> não
A26: 2121 | B26: WC - IDLE - Com 40 ton Yoshi | C26: Subcentro de trabalho | D26: 310 | E26: M2000 | F26: Sim | G26: DNU | H26: Do Not Use | K26: =IF(COUNTIF('2_LN_DadosExportados'!$V:$V,'existencia de wc'!B26)>0,"sim","não") -> não
A27: 2122 | B27: WC - Com 40/60 ton Yoshi 1 e 2 | C27: Subcentro de trabalho | D27: 310 | E27: M2000 | F27: Sim | G27: 320 | H27: CR - Com 40/60 ton Yoshi 1 e 2 | K27: =IF(COUNTIF('2_LN_DadosExportados'!$V:$V,'existencia de wc'!B27)>0,"sim","não") -> não
A28: 2123 | B28: WC - IDLE - Com Yosh 40/60 II | C28: Subcentro de trabalho | D28: 310 | E28: M2000 | F28: Sim | G28: DNU | H28: Do Not Use | K28: =IF(COUNTIF('2_LN_DadosExportados'!$V:$V,'existencia de wc'!B28)>0,"sim","não") -> não
A29: 2130 | B29: WC - IDLE - Com 45e50 t Dorst | C29: Subcentro de trabalho | D29: 310 | E29: M2000 | F29: Sim | G29: DNU | H29: Do Not Use | K29: =IF(COUNTIF('2_LN_DadosExportados'!$V:$V,'existencia de wc'!B29)>0,"sim","não") -> não
A30: 2132 | B30: WC - IDLE - Com 50 ton Dorst | C30: Subcentro de trabalho | D30: 310 | E30: M2000 | F30: Sim | G30: DNU | H30: Do Not Use | K30: =IF(COUNTIF('2_LN_DadosExportados'!$V:$V,'existencia de wc'!B30)>0,"sim","não") -> não
A31: 2140 | B31: WC - Com 60 ton Yoshi 1/2 | C31: Subcentro de trabalho | D31: 310 | E31: M2000 | F31: Sim | G31: 321 | H31: CR - Com 60 ton Yoshi 1/2/3 | K31: =IF(COUNTIF('2_LN_DadosExportados'!$V:$V,'existencia de wc'!B31)>0,"sim","não") -> não
A32: 2141 | B32: WC - Com 60 ton Yoshi 3 | C32: Subcentro de trabalho | D32: 310 | E32: M2000 | F32: Sim | G32: 321 | H32: CR - Com 60 ton Yoshi 1/2/3 | K32: =IF(COUNTIF('2_LN_DadosExportados'!$V:$V,'existencia de wc'!B32)>0,"sim","não") -> não
A33: 2150 | B33: WC - Com 100 ton Yoshi | C33: Subcentro de trabalho | D33: 310 | E33: M2000 | F33: Sim | G33: 318 | H33: CR - Com 100 ton Yoshi | K33: =IF(COUNTIF('2_LN_DadosExportados'!$V:$V,'existencia de wc'!B33)>0,"sim","não") -> não
A34: 2151 | B34: WC - Com AP100 ton GKN | C34: Subcentro de trabalho | D34: 310 | E34: M2000 | F34: Sim | G34: 322 | H34: CR - Com AP100 ton GKN | K34: =IF(COUNTIF('2_LN_DadosExportados'!$V:$V,'existencia de wc'!B34)>0,"sim","não") -> não
A35: 2160 | B35: WC - Com 150 ton Yoshi 2 | C35: Subcentro de trabalho | D35: 310 | E35: M2000 | F35: Sim | G35: 328 | H35: CR - Com 150 ton Yoshi 2 | K35: =IF(COUNTIF('2_LN_DadosExportados'!$V:$V,'existencia de wc'!B35)>0,"sim","não") -> não
A36: 2161 | B36: WC - Com AP150 ton SACMI 1/2 | C36: Subcentro de trabalho | D36: 310 | E36: M2000 | F36: Sim | G36: 329 | H36: CR - Com AP150 ton SACMI 1/2 | K36: =IF(COUNTIF('2_LN_DadosExportados'!$V:$V,'existencia de wc'!B36)>0,"sim","não") -> não
A37: 2170 | B37: WC - Com 200 ton Yoshi | C37: Subcentro de trabalho | D37: 310 | E37: M2000 | F37: Sim | G37: 330 | H37: CR - Com 200 ton Yoshi | K37: =IF(COUNTIF('2_LN_DadosExportados'!$V:$V,'existencia de wc'!B37)>0,"sim","não") -> não
A38: 2180 | B38: WC - Com KPP 450 t Osterw 1/2 | C38: Subcentro de trabalho | D38: 310 | E38: M2000 | F38: Sim | G38: 326 | H38: CR - Com KPP 450 t Osterw 1/2 | K38: =IF(COUNTIF('2_LN_DadosExportados'!$V:$V,'existencia de wc'!B38)>0,"sim","não") -> sim
A39: 2181 | B39: WC - IDLE - Com 450 t Osterw 2 | C39: Subcentro de trabalho | D39: 310 | E39: M2000 | F39: Sim | G39: DNU | H39: Do Not Use | K39: =IF(COUNTIF('2_LN_DadosExportados'!$V:$V,'existencia de wc'!B39)>0,"sim","não") -> não
A40: 3100 | B40: WC - Sin Abbott RapidCool 1/2 | C40: Subcentro de trabalho | D40: 310 | E40: M3000 | F40: Não | G40: 327 | H40: CR - Sin Abbott RapidCool 1/2 | K40: =IF(COUNTIF('2_LN_DadosExportados'!$V:$V,'existencia de wc'!B40)>0,"sim","não") -> sim
A41: 3101 | B41: WC - IDLE - Sin Abbott 2 | C41: Subcentro de trabalho | D41: 310 | E41: M3000 | F41: Não | G41: DNU | H41: Do Not Use | K41: =IF(COUNTIF('2_LN_DadosExportados'!$V:$V,'existencia de wc'!B41)>0,"sim","não") -> não
A42: 3102 | B42: WC - Sin Abbott Convencional 3 | C42: Subcentro de trabalho | D42: 310 | E42: M3000 | F42: Não | G42: 401 | H42: CR - Sin Abbott Convencional 3 | K42: =IF(COUNTIF('2_LN_DadosExportados'!$V:$V,'existencia de wc'!B42)>0,"sim","não") -> sim
A43: 310AER | B43: WC - GKN Aerospace | C43: Centro de trabalho de custeio | D43: 310 | F43: Não | G43: 7910 | H43: Operações Manuais | K43: =IF(COUNTIF('2_LN_DadosExportados'!$V:$V,'existencia de wc'!B43)>0,"sim","não") -> não
A44: 310ALM | B44: WC - Almoxarifado | C44: Centro de trabalho de custeio | D44: 310 | F44: Não | G44: 7910 | H44: Operações Manuais | K44: =IF(COUNTIF('2_LN_DadosExportados'!$V:$V,'existencia de wc'!B44)>0,"sim","não") -> não
A45: 310APD | B45: WC - Aplicacao Desenvolv. APD | C45: Centro de trabalho de custeio | D45: 310 | F45: Não | G45: 7910 | H45: Operações Manuais | K45: =IF(COUNTIF('2_LN_DadosExportados'!$V:$V,'existencia de wc'!B45)>0,"sim","não") -> não
A46: 310CMP | B46: WC - Compras | C46: Centro de trabalho de custeio | D46: 310 | F46: Não | G46: 7910 | H46: Operações Manuais | K46: =IF(COUNTIF('2_LN_DadosExportados'!$V:$V,'existencia de wc'!B46)>0,"sim","não") -> não
A47: 310CSO | B47: WC - Custo Social | C47: Centro de trabalho de custeio | D47: 310 | F47: Não | G47: 7910 | H47: Operações Manuais | K47: =IF(COUNTIF('2_LN_DadosExportados'!$V:$V,'existencia de wc'!B47)>0,"sim","não") -> não
A48: 310DIR | B48: WC - Diret. e Gerenc. d Fabric | C48: Centro de trabalho de custeio | D48: 310 | F48: Não | G48: 7910 | H48: Operações Manuais | K48: =IF(COUNTIF('2_LN_DadosExportados'!$V:$V,'existencia de wc'!B48)>0,"sim","não") -> não
A49: 310ENG | B49: WC - Engenharia | C49: Centro de trabalho de custeio | D49: 310 | F49: Não | G49: 7910 | H49: Operações Manuais | K49: =IF(COUNTIF('2_LN_DadosExportados'!$V:$V,'existencia de wc'!B49)>0,"sim","não") -> não
A50: 310FAB | B50: WC - Fabrica - Gerenciamento | C50: Centro de trabalho de custeio | D50: 310 | F50: Não | G50: 7910 | H50: Operações Manuais | K50: =IF(COUNTIF('2_LN_DadosExportados'!$V:$V,'existencia de wc'!B50)>0,"sim","não") -> não
A51: 310FER | B51: WC - Ferramentaria | C51: Centro de trabalho de custeio | D51: 310 | F51: Não | G51: 7910 | H51: Operações Manuais | K51: =IF(COUNTIF('2_LN_DadosExportados'!$V:$V,'existencia de wc'!B51)>0,"sim","não") -> não
A52: 310FIN | B52: WC - Financeiro / Contábil | C52: Centro de trabalho de custeio | D52: 310 | F52: Não | G52: 7910 | H52: Operações Manuais | K52: =IF(COUNTIF('2_LN_DadosExportados'!$V:$V,'existencia de wc'!B52)>0,"sim","não") -> não
A53: 310GLO | B53: WC - Projeto LN | C53: Centro de trabalho de custeio | D53: 310 | F53: Não | G53: 7910 | H53: Operações Manuais | K53: =IF(COUNTIF('2_LN_DadosExportados'!$V:$V,'existencia de wc'!B53)>0,"sim","não") -> não
A54: 310IT | B54: WC - Informatica | C54: Centro de trabalho de custeio | D54: 310 | F54: Não | G54: 7910 | H54: Operações Manuais | K54: =IF(COUNTIF('2_LN_DadosExportados'!$V:$V,'existencia de wc'!B54)>0,"sim","não") -> não
... A63: 310WCE | B63: WC - Work Center STD | C63: Centro de trabalho principal | D63: 310 | F63: Não | G63: 2100 | H63: Com 05/20 ton | K63: =IF(COUNTIF('2_LN_DadosExportados'!$V:$V,'existencia de wc'!B63)>0,"sim","não") -> não
A64: 3120 | B64: WC - IDLE - Que Combustol | C64: Subcentro de trabalho | D64: 310 | E64: M3000 | F64: Não | G64: DNU | H64: Do Not Use | K64: =IF(COUNTIF('2_LN_DadosExportados'!$V:$V,'existencia de wc'!B64)>0,"sim","não") -> não
A65: 3600 | B65: WC - IDLE - Nitretação Hanson | C65: Subcentro de trabalho | D65: 310 | E65: M3000 | F65: Não | G65: DNU | H65: Do Not Use | K65: =IF(COUNTIF('2_LN_DadosExportados'!$V:$V,'existencia de wc'!B65)>0,"sim","não") -> não
A66: 3601 | B66: WC - Nitretação Rubig | C66: Subcentro de trabalho | D66: 310 | E66: M3000 | F66: Não | G66: 431 | H66: CR - Nitretação Rubig | K66: =IF(COUNTIF('2_LN_DadosExportados'!$V:$V,'existencia de wc'!B66)>0,"sim","não") -> não
A67: 3800 | B67: WC - Revenimento Engefor | C67: Subcentro de trabalho | D67: 310 | E67: M3000 | F67: Não | G67: 433 | H67: CR - Revenimento Engefor | K67: =IF(COUNTIF('2_LN_DadosExportados'!$V:$V,'existencia de wc'!B67)>0,"sim","não") -> não
A68: 3950 | B68: WC - Oxi Blue Star 1/2 | C68: Subcentro de trabalho | D68: 310 | E68: M3000 | F68: Não | G68: 423 | H68: CR - Oxi Blue Star 1/2 | K68: =IF(COUNTIF('2_LN_DadosExportados'!$V:$V,'existencia de wc'!B68)>0,"sim","não") -> não
A69: 3951 | B69: WC - IDLE - Oxi Blue Star 2 | C69: Subcentro de trabalho | D69: 310 | E69: M3000 | F69: Não | G69: DNU | H69: Do Not Use | K69: =IF(COUNTIF('2_LN_DadosExportados'!$V:$V,'existencia de wc'!B69)>0,"sim","não") -> não
A70: 3952 | B70: WC - Que/Rev Engefor Branco | C70: Subcentro de trabalho | D70: 310 | E70: M3000 | F70: Não | G70: 432 | H70: CR - Que/Rev Engefor Branco | K70: =IF(COUNTIF('2_LN_DadosExportados'!$V:$V,'existencia de wc'!B70)>0,"sim","não") -> não
A71: 4001 | B71: WC - Sub_Hurt Infur | C71: Centro de trabalho de subcontratação | D71: 310 | F71: Não | K71: =IF(COUNTIF('2_LN_DadosExportados'!$V:$V,'existencia de wc'!B71)>0,"sim","não") -> não
A72: 4003 | B72: WC - Sub_Gema | C72: Centro de trabalho de subcontratação | D72: 310 | F72: Não | K72: =IF(COUNTIF('2_LN_DadosExportados'!$V:$V,'existencia de wc'!B72)>0,"sim","não") -> não
A73: 4004 | B73: WC - Sub_Bodycote Brasimet | C73: Centro de trabalho de subcontratação | D73: 310 | F73: Não | K73: =IF(COUNTIF('2_LN_DadosExportados'!$V:$V,'existencia de wc'!B73)>0,"sim","não") -> não
A74: 4006 | B74: WC - Sub_Engefor | C74: Centro de trabalho de subcontratação | D74: 310 | F74: Não | K74: =IF(COUNTIF('2_LN_DadosExportados'!$V:$V,'existencia de wc'!B74)>0,"sim","não") -> não
A75: 4007 | B75: WC - Sub_Sotherm | C75: Centro de trabalho de subcontratação | D75: 310 | F75: Não | K75: =IF(COUNTIF('2_LN_DadosExportados'!$V:$V,'existencia de wc'!B75)>0,"sim","não") -> sim
A76: 4008 | B76: WC - Sub_Magneti Marelli | C76: Centro de trabalho de subcontratação | D76: 310 | F76: Não | K76: =IF(COUNTIF('2_LN_DadosExportados'!$V:$V,'existencia de wc'!B76)>0,"sim","não") -> não
A77: 4009 | B77: WC - Sub_Delphi - Cotia | C77: Centro de trabalho de subcontratação | D77: 310 | F77: Não | K77: =IF(COUNTIF('2_LN_DadosExportados'!$V:$V,'existencia de wc'!B77)>0,"sim","não") -> não
A78: 4010 | B78: WC - Sub_Macfer Usinagem | C78: Centro de trabalho de subcontratação | D78: 310 | F78: Não | K78: =IF(COUNTIF('2_LN_DadosExportados'!$V:$V,'existencia de wc'!B78)>0,"sim","não") -> não
A79: 4011 | B79: WC - Sub_Adalberto Jatofer | C79: Centro de trabalho de subcontratação | D79: 310 | F79: Não | K79: =IF(COUNTIF('2_LN_DadosExportados'!$V:$V,'existencia de wc'!B79)>0,"sim","não") -> não
A80: 4012 | B80: WC - Sub_Metalgregorio | C80: Centro de trabalho de subcontratação | D80: 310 | F80: Não | K80: =IF(COUNTIF('2_LN_DadosExportados'!$V:$V,'existencia de wc'!B80)>0,"sim","não") -> não
A81: 4013 | B81: WC - Sub_Kalena | C81: Centro de trabalho de subcontratação | D81: 310 | F81: Não | K81: =IF(COUNTIF('2_LN_DadosExportados'!$V:$V,'existencia de wc'!B81)>0,"sim","não") -> não
A82: 4014 | B82: WC - Sub_WG Ind Mecanica | C82: Centro de trabalho de subcontratação | D82: 310 | F82: Não | K82: =IF(COUNTIF('2_LN_DadosExportados'!$V:$V,'existencia de wc'!B82)>0,"sim","não") -> não
... A105: 4131 | B105: WC - Sub | C105: Centro de trabalho de subcontratação | D105: 310 | F105: Não | K105: =IF(COUNTIF('2_LN_DadosExportados'!$V:$V,'existencia de wc'!B105)>0,"sim","não") -> não
A106: 5100 | B106: WC - OFF Cal 30 ton Dorst DK 2 | C106: Subcentro de trabalho | D106: 310 | E106: M5000 | F106: Não | G106: 428 | H106: CR - Cal 30t DorstDK 2&15t CBA | K106: =IF(COUNTIF('2_LN_DadosExportados'!$V:$V,'existencia de wc'!B106)>0,"sim","não") -> não
A107: 5101 | B107: WC - Cal 30 ton Jundiai | C107: Subcentro de trabalho | D107: 310 | E107: M5000 | F107: Não | G107: 434 | H107: CR - Cal 30 ton Jundiai | K107: =IF(COUNTIF('2_LN_DadosExportados'!$V:$V,'existencia de wc'!B107)>0,"sim","não") -> não
A108: 5110 | B108: WC - IDLE - Cal 40 t RD 1/2/3 | C108: Subcentro de trabalho | D108: 310 | E108: M5000 | F108: Não | G108: DNU | H108: Do Not Use | K108: =IF(COUNTIF('2_LN_DadosExportados'!$V:$V,'existencia de wc'!B108)>0,"sim","não") -> não
A109: 5111 | B109: WC - IDLE - Cal 40 ton RD 2 | C109: Subcentro de trabalho | D109: 310 | E109: M5000 | F109: Não | G109: DNU | H109: Do Not Use | K109: =IF(COUNTIF('2_LN_DadosExportados'!$V:$V,'existencia de wc'!B109)>0,"sim","não") -> não
A110: 5112 | B110: WC - IDLE - Cal 40 ton RD 3 | C110: Subcentro de trabalho | D110: 310 | E110: M5000 | F110: Não | G110: DNU | H110: Do Not Use | K110: =IF(COUNTIF('2_LN_DadosExportados'!$V:$V,'existencia de wc'!B110)>0,"sim","não") -> não
A111: 5120 | B111: WC - IDLE - Cal 65t Jund/Schu. | C111: Subcentro de trabalho | D111: 310 | E111: M5000 | F111: Não | G111: DNU | H111: Do Not Use | K111: =IF(COUNTIF('2_LN_DadosExportados'!$V:$V,'existencia de wc'!B111)>0,"sim","não") -> não
A112: 5121 | B112: WC - Cal 50 ton HORMEC HS | C112: Subcentro de trabalho | D112: 310 | E112: M5000 | F112: Não | G112: 435 | H112: CR - Cal 50 ton HORMEC HS | K112: =IF(COUNTIF('2_LN_DadosExportados'!$V:$V,'existencia de wc'!B112)>0,"sim","não") -> não
A113: 5140 | B113: WC - IDLE - Cal 100 t Dorst DK | C113: Subcentro de trabalho | D113: 310 | E113: M5000 | F113: Não | G113: DNU | H113: Do Not Use | K113: =IF(COUNTIF('2_LN_DadosExportados'!$V:$V,'existencia de wc'!B113)>0,"sim","não") -> não
A114: 5141 | B114: WC - Cal 100 ton HORMEC | C114: Subcentro de trabalho | D114: 310 | E114: M5000 | F114: Não | G114: 436 | H114: CR - Cal 100 ton HORMEC | K114: =IF(COUNTIF('2_LN_DadosExportados'!$V:$V,'existencia de wc'!B114)>0,"sim","não") -> não
A115: 5150 | B115: WC - Cal 150 ton Jundiaí 1/2 | C115: Subcentro de trabalho | D115: 310 | E115: M5000 | F115: Não | G115: 426 | H115: CR - Cal 150 ton Jundiaí 1/2 | K115: =IF(COUNTIF('2_LN_DadosExportados'!$V:$V,'existencia de wc'!B115)>0,"sim","não") -> não
A116: 5151 | B116: WC - RFQ_Cal CNC 180 t Komage | C116: Subcentro de trabalho | D116: 310 | E116: M5000 | F116: Não | G116: 438 | H116: CR - RFQ_Cal CNC 180 t Komage | K116: =IF(COUNTIF('2_LN_DadosExportados'!$V:$V,'existencia de wc'!B116)>0,"sim","não") -> não
A117: 5160 | B117: WC - Cal 200 ton Jundiai 1/2 | C117: Subcentro de trabalho | D117: 310 | E117: M5000 | F117: Não | G117: 437 | H117: CR - Cal 200 ton Jundiai 1/2 | K117: =IF(COUNTIF('2_LN_DadosExportados'!$V:$V,'existencia de wc'!B117)>0,"sim","não") -> não
A118: 5161 | B118: WC - IDLE - Cal 200 t Jund. 2 | C118: Subcentro de trabalho | D118: 310 | E118: M5000 | F118: Não | G118: DNU | H118: Do Not Use | K118: =IF(COUNTIF('2_LN_DadosExportados'!$V:$V,'existencia de wc'!B118)>0,"sim","não") -> não
A119: 5170 | B119: WC - RFQ - Cal CNC 250 t Dorst | C119: Subcentro de trabalho | D119: 310 | E119: M5000 | F119: Não | G119: 440 | H119: CR - RFQ - Cal CNC 250 t Dorst | K119: =IF(COUNTIF('2_LN_DadosExportados'!$V:$V,'existencia de wc'!B119)>0,"sim","não") -> não
A120: 5180 | B120: WC - Cal 350 ton Jundiai | C120: Subcentro de trabalho | D120: 310 | E120: M5000 | F120: Não | G120: 439 | H120: CR - Cal 350 ton Jundiai | K120: =IF(COUNTIF('2_LN_DadosExportados'!$V:$V,'existencia de wc'!B120)>0,"sim","não") -> não
A121: 5181 | B121: WC - Cal 500 ton Jundiai | C121: Subcentro de trabalho | D121: 310 | E121: M5000 | F121: Não | G121: 427 | H121: CR - Cal 500 ton Jundiai | K121: =IF(COUNTIF('2_LN_DadosExportados'!$V:$V,'existencia de wc'!B121)>0,"sim","não") -> não
